USER_ID,VERSION,EMAIL,NAME,PASSWD_CHG_DT,PASSWD_EXP_DT,IP_ADDRESSES,IS_ACTIVE,IS_PASSWD_RESET,BUSINESS_GROUP_ID,CREATED_DATE,CREATED_BY_ID,CREATED_BY_NAME,MODIFIED_DATE,MODIFIED_BY_ID,MODIFIED_BY_NAME,LOCALE,ENABLED,ACCEPTED_CONTRACT,SOURCE_ID,PRIMARY_ROLE_TYPE,ACTIVATED_DATE,IS_INTERNAL_USER,USER_UUID,EU_MIGRATION_STATUS
2555906416,0,postmig2@gggmailat.com,migpost,,,,1,0,,2025-04-09T12:56:05Z,2450958636,admin,2025-10-10T06:42:37Z,2450958636,admin,en_US,1,,30,INDIVIDUAL_PAYEE,2025-10-09,,3259115CCFA69902E063E52E13AC7507,
2642206481,0,testuser00000399012@gmail.com,testser309,,,,1,0,,2025-07-03T18:43:41Z,2450958636,admin,2025-12-03T08:51:48Z,2450958636,admin,en_US,0,,,INDIVIDUAL_PAYEE,2025-07-04,,390BC5D0FE085A2CE063E52E13AC1A2B,
2642411790,0,sdsdsd@gkl.com,ssjhbjs,,,,1,0,,2025-07-08T08:20:24Z,2450958636,admin,2025-07-08T08:20:24Z,2450958636,admin,,0,,30,INDIVIDUAL_PAYEE,,,3967A1D382A8A54CE063E52E13AC2D36,
2565369985,0,User1123@iammultipodintup.com,User1,,,,1,0,,2025-06-02T10:36:17Z,2450958636,admin,2025-06-16T10:29:30Z,2450958636,admin,en_US,1,,30,INDIVIDUAL_PAYEE,2025-06-02,,369555797DF8BF4AE063E52E13AC0A3C,
2565369987,0,User33333@iammultipodintup.com,User3,,,,1,0,,2025-06-02T10:36:17Z,2450958636,admin,2025-06-16T10:29:30Z,2450958636,admin,en_US,1,,30,INDIVIDUAL_PAYEE,2025-06-02,,369555797DF9BF4AE063E52E13AC0A3C,
2472071333,0,tetUser101@iamMultipodInt.com,tetUser101,,,,1,0,,2024-10-22T07:34:47Z,2450958636,admin,2024-10-22T07:34:47Z,2450958636,admin,en_US,1,,30,INDIVIDUAL_PAYEE,2024-10-22,,250CCDCBFD249091E063E12A13ACFBF0,
2472071335,0,tetUser102@iamMultipodInt.com,tetUser102,,,,1,0,,2024-10-22T07:34:47Z,2450958636,admin,2024-10-22T07:34:47Z,2450958636,admin,en_US,1,,30,INDIVIDUAL_PAYEE,2024-10-22,,250CCDCBFD259091E063E12A13ACFBF0,
2472071337,0,tetUser103@iamMultipodInt.com,tetUser103,,,,1,0,,2024-10-22T07:34:47Z,2450958636,admin,2024-10-22T07:34:47Z,2450958636,admin,en_US,1,,30,INDIVIDUAL_PAYEE,2024-10-22,,250CCDCBFD269091E063E12A13ACFBF0,
2472071339,0,tetUser104@iamMultipodInt.com,tetUser104,,,,1,0,,2024-10-22T07:34:47Z,2450958636,admin,2024-10-22T07:34:47Z,2450958636,admin,en_US,1,,30,INDIVIDUAL_PAYEE,2024-10-22,,250CCDCBFD279091E063E12A13ACFBF0,
2472071341,0,tetUser105@iamMultipodInt.com,tetUser105,,,,1,0,,2024-10-22T07:34:47Z,2450958636,admin,2024-10-22T07:34:47Z,2450958636,admin,en_US,1,,30,INDIVIDUAL_PAYEE,2024-10-22,,250CCDCBFD289091E063E12A13ACFBF0,
2472071343,0,tetUser106@iamMultipodInt.com,tetUser106,,,,1,0,,2024-10-22T07:34:47Z,2450958636,admin,2024-10-22T07:34:47Z,2450958636,admin,en_US,1,,30,INDIVIDUAL_PAYEE,2024-10-22,,250CCDCBFD299091E063E12A13ACFBF0,
2472071345,0,tetUser107@iamMultipodInt.com,tetUser107,,,,1,0,,2024-10-22T07:34:47Z,2450958636,admin,2024-10-22T07:34:47Z,2450958636,admin,en_US,1,,30,INDIVIDUAL_PAYEE,2024-10-22,,250CCDCBFD2A9091E063E12A13ACFBF0,
2472071347,0,tetUser108@iamMultipodInt.com,tetUser108,,,,1,0,,2024-10-22T07:34:47Z,2450958636,admin,2024-10-22T07:34:47Z,2450958636,admin,en_US,1,,30,INDIVIDUAL_PAYEE,2024-10-22,,250CCDCBFD2B9091E063E12A13ACFBF0,
2472071349,0,tetUser109@iamMultipodInt.com,tetUser109,,,,1,0,,2024-10-22T07:34:47Z,2450958636,admin,2024-10-22T07:34:47Z,2450958636,admin,en_US,1,,30,INDIVIDUAL_PAYEE,2024-10-22,,250CCDCBFD2C9091E063E12A13ACFBF0,
2472071351,0,tetUser110@iamMultipodInt.com,tetUser110,,,,1,0,,2024-10-22T07:34:47Z,2450958636,admin,2024-10-22T07:34:47Z,2450958636,admin,en_US,1,,30,INDIVIDUAL_PAYEE,2024-10-22,,250CCDCBFD2D9091E063E12A13ACFBF0,
2472071353,0,tetUser111@iamMultipodInt.com,tetUser111,,,,1,0,,2024-10-22T07:34:47Z,2450958636,admin,2024-10-22T07:34:47Z,2450958636,admin,en_US,1,,30,INDIVIDUAL_PAYEE,2024-10-22,,250CCDCBFD2E9091E063E12A13ACFBF0,
2472071355,0,tetUser112@iamMultipodInt.com,tetUser112,,,,1,0,,2024-10-22T07:34:47Z,2450958636,admin,2024-10-22T07:34:47Z,2450958636,admin,en_US,1,,30,INDIVIDUAL_PAYEE,2024-10-22,,250CCDCBFD2F9091E063E12A13ACFBF0,
2472071357,0,tetUser113@iamMultipodInt.com,tetUser113,,,,1,0,,2024-10-22T07:34:47Z,2450958636,admin,2024-10-22T07:34:47Z,2450958636,admin,en_US,1,,30,INDIVIDUAL_PAYEE,2024-10-22,,250CCDCBFD309091E063E12A13ACFBF0,
2472071523,0,tetUser196@iamMultipodInt.com,tetUser196,,,,1,0,,2024-10-22T07:34:47Z,2450958636,admin,2024-10-22T07:34:47Z,2450958636,admin,en_US,0,,30,INDIVIDUAL_PAYEE,,,250CCDCBFD839091E063E12A13ACFBF0,
2472071497,0,tetUser183@iamMultipodInt.com,tetUser183,,,,1,0,,2024-10-22T07:34:47Z,2450958636,admin,2024-10-22T07:34:47Z,2450958636,admin,en_US,0,,30,INDIVIDUAL_PAYEE,,,250CCDCBFD769091E063E12A13ACFBF0,
2472071499,0,tetUser184@iamMultipodInt.com,tetUser184,,,,1,0,,2024-10-22T07:34:47Z,2450958636,admin,2024-10-22T07:34:47Z,2450958636,admin,en_US,0,,30,INDIVIDUAL_PAYEE,,,250CCDCBFD779091E063E12A13ACFBF0,
2472071501,0,tetUser185@iamMultipodInt.com,tetUser185,,,,1,0,,2024-10-22T07:34:47Z,2450958636,admin,2024-10-22T07:34:47Z,2450958636,admin,en_US,0,,30,INDIVIDUAL_PAYEE,,,250CCDCBFD789091E063E12A13ACFBF0,
2472071503,0,tetUser186@iamMultipodInt.com,tetUser186,,,,1,0,,2024-10-22T07:34:47Z,2450958636,admin,2024-10-22T07:34:47Z,2450958636,admin,en_US,0,,30,INDIVIDUAL_PAYEE,,,250CCDCBFD799091E063E12A13ACFBF0,
2472071505,0,tetUser187@iamMultipodInt.com,tetUser187,,,,1,0,,2024-10-22T07:34:47Z,2450958636,admin,2024-10-22T07:34:47Z,2450958636,admin,en_US,0,,30,INDIVIDUAL_PAYEE,,,250CCDCBFD7A9091E063E12A13ACFBF0,
2472071507,0,tetUser188@iamMultipodInt.com,tetUser188,,,,1,0,,2024-10-22T07:34:47Z,2450958636,admin,2024-10-22T07:34:47Z,2450958636,admin,en_US,0,,30,INDIVIDUAL_PAYEE,,,250CCDCBFD7B9091E063E12A13ACFBF0,
2472071509,0,tetUser189@iamMultipodInt.com,tetUser189,,,,1,0,,2024-10-22T07:34:47Z,2450958636,admin,2024-10-22T07:34:47Z,2450958636,admin,en_US,0,,30,INDIVIDUAL_PAYEE,,,250CCDCBFD7C9091E063E12A13ACFBF0,
2472071511,0,tetUser190@iamMultipodInt.com,tetUser190,,,,1,0,,2024-10-22T07:34:47Z,2450958636,admin,2024-10-22T07:34:47Z,2450958636,admin,en_US,0,,30,INDIVIDUAL_PAYEE,,,250CCDCBFD7D9091E063E12A13ACFBF0,
2472071513,0,tetUser191@iamMultipodInt.com,tetUser191,,,,1,0,,2024-10-22T07:34:47Z,2450958636,admin,2024-10-22T07:34:47Z,2450958636,admin,en_US,0,,30,INDIVIDUAL_PAYEE,,,250CCDCBFD7E9091E063E12A13ACFBF0,
2472071515,0,tetUser192@iamMultipodInt.com,tetUser192,,,,1,0,,2024-10-22T07:34:47Z,2450958636,admin,2024-10-22T07:34:47Z,2450958636,admin,en_US,0,,30,INDIVIDUAL_PAYEE,,,250CCDCBFD7F9091E063E12A13ACFBF0,
2472071517,0,tetUser193@iamMultipodInt.com,tetUser193,,,,1,0,,2024-10-22T07:34:47Z,2450958636,admin,2024-10-22T07:34:47Z,2450958636,admin,en_US,0,,30,INDIVIDUAL_PAYEE,,,250CCDCBFD809091E063E12A13ACFBF0,
2472071519,0,tetUser194@iamMultipodInt.com,tetUser194,,,,1,0,,2024-10-22T07:34:47Z,2450958636,admin,2024-10-22T07:34:47Z,2450958636,admin,en_US,0,,30,INDIVIDUAL_PAYEE,,,250CCDCBFD819091E063E12A13ACFBF0,
2472071521,0,tetUser195@iamMultipodInt.com,tetUser195,,,,1,0,,2024-10-22T07:34:47Z,2450958636,admin,2024-10-22T07:34:47Z,2450958636,admin,en_US,0,,30,INDIVIDUAL_PAYEE,,,250CCDCBFD829091E063E12A13ACFBF0,
2472071525,0,tetUser197@iamMultipodInt.com,tetUser197,,,,1,0,,2024-10-22T07:34:47Z,2450958636,admin,2024-10-22T07:34:47Z,2450958636,admin,en_US,0,,30,INDIVIDUAL_PAYEE,,,250CCDCBFD849091E063E12A13ACFBF0,
2472071583,0,tetUser226@iamMultipodInt.com,tetUser226,,,,1,0,,2024-10-22T07:34:47Z,2450958636,admin,2024-10-22T07:34:47Z,2450958636,admin,en_US,0,,30,INDIVIDUAL_PAYEE,,,250CCDCBFDA19091E063E12A13ACFBF0,
2472071527,0,tetUser198@iamMultipodInt.com,tetUser198,,,,1,0,,2024-10-22T07:34:47Z,2450958636,admin,2024-10-22T07:34:47Z,2450958636,admin,en_US,0,,30,INDIVIDUAL_PAYEE,,,250CCDCBFD859091E063E12A13ACFBF0,
2472071529,0,tetUser199@iamMultipodInt.com,tetUser199,,,,1,0,,2024-10-22T07:34:47Z,2450958636,admin,2024-10-22T07:34:47Z,2450958636,admin,en_US,0,,30,INDIVIDUAL_PAYEE,,,250CCDCBFD869091E063E12A13ACFBF0,
2472071531,0,tetUser200@iamMultipodInt.com,tetUser200,,,,1,0,,2024-10-22T07:34:47Z,2450958636,admin,2024-10-22T07:34:47Z,2450958636,admin,en_US,0,,30,INDIVIDUAL_PAYEE,,,250CCDCBFD879091E063E12A13ACFBF0,
2472071533,0,tetUser201@iamMultipodInt.com,tetUser201,,,,1,0,,2024-10-22T07:34:47Z,2450958636,admin,2024-10-22T07:34:47Z,2450958636,admin,en_US,0,,30,INDIVIDUAL_PAYEE,,,250CCDCBFD889091E063E12A13ACFBF0,
2472071535,0,tetUser202@iamMultipodInt.com,tetUser202,,,,1,0,,2024-10-22T07:34:47Z,2450958636,admin,2024-10-22T07:34:47Z,2450958636,admin,en_US,0,,30,INDIVIDUAL_PAYEE,,,250CCDCBFD899091E063E12A13ACFBF0,
2472071537,0,tetUser203@iamMultipodInt.com,tetUser203,,,,1,0,,2024-10-22T07:34:47Z,2450958636,admin,2024-10-22T07:34:47Z,2450958636,admin,en_US,0,,30,INDIVIDUAL_PAYEE,,,250CCDCBFD8A9091E063E12A13ACFBF0,
2472071539,0,tetUser204@iamMultipodInt.com,tetUser204,,,,1,0,,2024-10-22T07:34:47Z,2450958636,admin,2024-10-22T07:34:47Z,2450958636,admin,en_US,0,,30,INDIVIDUAL_PAYEE,,,250CCDCBFD8B9091E063E12A13ACFBF0,
2472071541,0,tetUser205@iamMultipodInt.com,tetUser205,,,,1,0,,2024-10-22T07:34:47Z,2450958636,admin,2024-10-22T07:34:47Z,2450958636,admin,en_US,0,,30,INDIVIDUAL_PAYEE,,,250CCDCBFD8C9091E063E12A13ACFBF0,
2472071543,0,tetUser206@iamMultipodInt.com,tetUser206,,,,1,0,,2024-10-22T07:34:47Z,2450958636,admin,2024-10-22T07:34:47Z,2450958636,admin,en_US,0,,30,INDIVIDUAL_PAYEE,,,250CCDCBFD8D9091E063E12A13ACFBF0,
2472071545,0,tetUser207@iamMultipodInt.com,tetUser207,,,,1,0,,2024-10-22T07:34:47Z,2450958636,admin,2024-10-22T07:34:47Z,2450958636,admin,en_US,0,,30,INDIVIDUAL_PAYEE,,,250CCDCBFD8E9091E063E12A13ACFBF0,
2472071547,0,tetUser208@iamMultipodInt.com,tetUser208,,,,1,0,,2024-10-22T07:34:47Z,2450958636,admin,2024-10-22T07:34:47Z,2450958636,admin,en_US,0,,30,INDIVIDUAL_PAYEE,,,250CCDCBFD8F9091E063E12A13ACFBF0,
2472071549,0,tetUser209@iamMultipodInt.com,tetUser209,,,,1,0,,2024-10-22T07:34:47Z,2450958636,admin,2024-10-22T07:34:47Z,2450958636,admin,en_US,0,,30,INDIVIDUAL_PAYEE,,,250CCDCBFD909091E063E12A13ACFBF0,
2472071551,0,tetUser210@iamMultipodInt.com,tetUser210,,,,1,0,,2024-10-22T07:34:47Z,2450958636,admin,2024-10-22T07:34:47Z,2450958636,admin,en_US,0,,30,INDIVIDUAL_PAYEE,,,250CCDCBFD919091E063E12A13ACFBF0,
2472071553,0,tetUser211@iamMultipodInt.com,tetUser211,,,,1,0,,2024-10-22T07:34:47Z,2450958636,admin,2024-10-22T07:34:47Z,2450958636,admin,en_US,0,,30,INDIVIDUAL_PAYEE,,,250CCDCBFD929091E063E12A13ACFBF0,
2472071555,0,tetUser212@iamMultipodInt.com,tetUser212,,,,1,0,,2024-10-22T07:34:47Z,2450958636,admin,2024-10-22T07:34:47Z,2450958636,admin,en_US,0,,30,INDIVIDUAL_PAYEE,,,250CCDCBFD939091E063E12A13ACFBF0,
2472071557,0,tetUser213@iamMultipodInt.com,tetUser213,,,,1,0,,2024-10-22T07:34:47Z,2450958636,admin,2024-10-22T07:34:47Z,2450958636,admin,en_US,0,,30,INDIVIDUAL_PAYEE,,,250CCDCBFD949091E063E12A13ACFBF0,
2472071559,0,tetUser214@iamMultipodInt.com,tetUser214,,,,1,0,,2024-10-22T07:34:47Z,2450958636,admin,2024-10-22T07:34:47Z,2450958636,admin,en_US,0,,30,INDIVIDUAL_PAYEE,,,250CCDCBFD959091E063E12A13ACFBF0,
2472071561,0,tetUser215@iamMultipodInt.com,tetUser215,,,,1,0,,2024-10-22T07:34:47Z,2450958636,admin,2024-10-22T07:34:47Z,2450958636,admin,en_US,0,,30,INDIVIDUAL_PAYEE,,,250CCDCBFD969091E063E12A13ACFBF0,
2472071563,0,tetUser216@iamMultipodInt.com,tetUser216,,,,1,0,,2024-10-22T07:34:47Z,2450958636,admin,2024-10-22T07:34:47Z,2450958636,admin,en_US,0,,30,INDIVIDUAL_PAYEE,,,250CCDCBFD979091E063E12A13ACFBF0,
2472071565,0,tetUser217@iamMultipodInt.com,tetUser217,,,,1,0,,2024-10-22T07:34:47Z,2450958636,admin,2024-10-22T07:34:47Z,2450958636,admin,en_US,0,,30,INDIVIDUAL_PAYEE,,,250CCDCBFD989091E063E12A13ACFBF0,
2472071567,0,tetUser218@iamMultipodInt.com,tetUser218,,,,1,0,,2024-10-22T07:34:47Z,2450958636,admin,2024-10-22T07:34:47Z,2450958636,admin,en_US,0,,30,INDIVIDUAL_PAYEE,,,250CCDCBFD999091E063E12A13ACFBF0,
2472071569,0,tetUser219@iamMultipodInt.com,tetUser219,,,,1,0,,2024-10-22T07:34:47Z,2450958636,admin,2024-10-22T07:34:47Z,2450958636,admin,en_US,0,,30,INDIVIDUAL_PAYEE,,,250CCDCBFD9A9091E063E12A13ACFBF0,
2472071571,0,tetUser220@iamMultipodInt.com,tetUser220,,,,1,0,,2024-10-22T07:34:47Z,2450958636,admin,2024-10-22T07:34:47Z,2450958636,admin,en_US,0,,30,INDIVIDUAL_PAYEE,,,250CCDCBFD9B9091E063E12A13ACFBF0,
2472071573,0,tetUser221@iamMultipodInt.com,tetUser221,,,,1,0,,2024-10-22T07:34:47Z,2450958636,admin,2024-10-22T07:34:47Z,2450958636,admin,en_US,0,,30,INDIVIDUAL_PAYEE,,,250CCDCBFD9C9091E063E12A13ACFBF0,
2472071575,0,tetUser222@iamMultipodInt.com,tetUser222,,,,1,0,,2024-10-22T07:34:47Z,2450958636,admin,2024-10-22T07:34:47Z,2450958636,admin,en_US,0,,30,INDIVIDUAL_PAYEE,,,250CCDCBFD9D9091E063E12A13ACFBF0,
2472071577,0,tetUser223@iamMultipodInt.com,tetUser223,,,,1,0,,2024-10-22T07:34:47Z,2450958636,admin,2024-10-22T07:34:47Z,2450958636,admin,en_US,0,,30,INDIVIDUAL_PAYEE,,,250CCDCBFD9E9091E063E12A13ACFBF0,
2472071579,0,tetUser224@iamMultipodInt.com,tetUser224,,,,1,0,,2024-10-22T07:34:47Z,2450958636,admin,2024-10-22T07:34:47Z,2450958636,admin,en_US,0,,30,INDIVIDUAL_PAYEE,,,250CCDCBFD9F9091E063E12A13ACFBF0,
2472071581,0,tetUser225@iamMultipodInt.com,tetUser225,,,,1,0,,2024-10-22T07:34:47Z,2450958636,admin,2024-10-22T07:34:47Z,2450958636,admin,en_US,0,,30,INDIVIDUAL_PAYEE,,,250CCDCBFDA09091E063E12A13ACFBF0,
2472071585,0,tetUser227@iamMultipodInt.com,tetUser227,,,,1,0,,2024-10-22T07:34:47Z,2450958636,admin,2024-10-22T07:34:47Z,2450958636,admin,en_US,0,,30,INDIVIDUAL_PAYEE,,,250CCDCBFDA29091E063E12A13ACFBF0,
2472071433,0,tetUser151@iamMultipodInt.com,tetUser151,,,,1,0,,2024-10-22T07:34:47Z,2450958636,admin,2024-10-22T07:34:47Z,2450958636,admin,en_US,0,,30,INDIVIDUAL_PAYEE,,,250CCDCBFD569091E063E12A13ACFBF0,
2472071375,0,tetUser122@iamMultipodInt.com,tetUser122,,,,1,0,,2024-10-22T07:34:47Z,2450958636,admin,2024-10-22T07:34:47Z,2450958636,admin,en_US,0,,30,INDIVIDUAL_PAYEE,,,250CCDCBFD399091E063E12A13ACFBF0,
2472071377,0,tetUser123@iamMultipodInt.com,tetUser123,,,,1,0,,2024-10-22T07:34:47Z,2450958636,admin,2024-10-22T07:34:47Z,2450958636,admin,en_US,0,,30,INDIVIDUAL_PAYEE,,,250CCDCBFD3A9091E063E12A13ACFBF0,
2472071379,0,tetUser124@iamMultipodInt.com,tetUser124,,,,1,0,,2024-10-22T07:34:47Z,2450958636,admin,2024-10-22T07:34:47Z,2450958636,admin,en_US,0,,30,INDIVIDUAL_PAYEE,,,250CCDCBFD3B9091E063E12A13ACFBF0,
2472071381,0,tetUser125@iamMultipodInt.com,tetUser125,,,,1,0,,2024-10-22T07:34:47Z,2450958636,admin,2024-10-22T07:34:47Z,2450958636,admin,en_US,0,,30,INDIVIDUAL_PAYEE,,,250CCDCBFD3C9091E063E12A13ACFBF0,
2472071383,0,tetUser126@iamMultipodInt.com,tetUser126,,,,1,0,,2024-10-22T07:34:47Z,2450958636,admin,2024-10-22T07:34:47Z,2450958636,admin,en_US,0,,30,INDIVIDUAL_PAYEE,,,250CCDCBFD3D9091E063E12A13ACFBF0,
2472071385,0,tetUser127@iamMultipodInt.com,tetUser127,,,,1,0,,2024-10-22T07:34:47Z,2450958636,admin,2024-10-22T07:34:47Z,2450958636,admin,en_US,0,,30,INDIVIDUAL_PAYEE,,,250CCDCBFD3E9091E063E12A13ACFBF0,
2472071387,0,tetUser128@iamMultipodInt.com,tetUser128,,,,1,0,,2024-10-22T07:34:47Z,2450958636,admin,2024-10-22T07:34:47Z,2450958636,admin,en_US,0,,30,INDIVIDUAL_PAYEE,,,250CCDCBFD3F9091E063E12A13ACFBF0,
2472071389,0,tetUser129@iamMultipodInt.com,tetUser129,,,,1,0,,2024-10-22T07:34:47Z,2450958636,admin,2024-10-22T07:34:47Z,2450958636,admin,en_US,0,,30,INDIVIDUAL_PAYEE,,,250CCDCBFD409091E063E12A13ACFBF0,
2472071391,0,tetUser130@iamMultipodInt.com,tetUser130,,,,1,0,,2024-10-22T07:34:47Z,2450958636,admin,2024-10-22T07:34:47Z,2450958636,admin,en_US,0,,30,INDIVIDUAL_PAYEE,,,250CCDCBFD419091E063E12A13ACFBF0,
2472071393,0,tetUser131@iamMultipodInt.com,tetUser131,,,,1,0,,2024-10-22T07:34:47Z,2450958636,admin,2024-10-22T07:34:47Z,2450958636,admin,en_US,0,,30,INDIVIDUAL_PAYEE,,,250CCDCBFD429091E063E12A13ACFBF0,
2472071395,0,tetUser132@iamMultipodInt.com,tetUser132,,,,1,0,,2024-10-22T07:34:47Z,2450958636,admin,2024-10-22T07:34:47Z,2450958636,admin,en_US,0,,30,INDIVIDUAL_PAYEE,,,250CCDCBFD439091E063E12A13ACFBF0,
2472071397,0,tetUser133@iamMultipodInt.com,tetUser133,,,,1,0,,2024-10-22T07:34:47Z,2450958636,admin,2024-10-22T07:34:47Z,2450958636,admin,en_US,0,,30,INDIVIDUAL_PAYEE,,,250CCDCBFD449091E063E12A13ACFBF0,
2472071399,0,tetUser134@iamMultipodInt.com,tetUser134,,,,1,0,,2024-10-22T07:34:47Z,2450958636,admin,2024-10-22T07:34:47Z,2450958636,admin,en_US,0,,30,INDIVIDUAL_PAYEE,,,250CCDCBFD459091E063E12A13ACFBF0,
2472071401,0,tetUser135@iamMultipodInt.com,tetUser135,,,,1,0,,2024-10-22T07:34:47Z,2450958636,admin,2024-10-22T07:34:47Z,2450958636,admin,en_US,0,,30,INDIVIDUAL_PAYEE,,,250CCDCBFD469091E063E12A13ACFBF0,
2472071403,0,tetUser136@iamMultipodInt.com,tetUser136,,,,1,0,,2024-10-22T07:34:47Z,2450958636,admin,2024-10-22T07:34:47Z,2450958636,admin,en_US,0,,30,INDIVIDUAL_PAYEE,,,250CCDCBFD479091E063E12A13ACFBF0,
2472071405,0,tetUser137@iamMultipodInt.com,tetUser137,,,,1,0,,2024-10-22T07:34:47Z,2450958636,admin,2024-10-22T07:34:47Z,2450958636,admin,en_US,0,,30,INDIVIDUAL_PAYEE,,,250CCDCBFD489091E063E12A13ACFBF0,
2472071407,0,tetUser138@iamMultipodInt.com,tetUser138,,,,1,0,,2024-10-22T07:34:47Z,2450958636,admin,2024-10-22T07:34:47Z,2450958636,admin,en_US,0,,30,INDIVIDUAL_PAYEE,,,250CCDCBFD499091E063E12A13ACFBF0,
2472071409,0,tetUser139@iamMultipodInt.com,tetUser139,,,,1,0,,2024-10-22T07:34:47Z,2450958636,admin,2024-10-22T07:34:47Z,2450958636,admin,en_US,0,,30,INDIVIDUAL_PAYEE,,,250CCDCBFD4A9091E063E12A13ACFBF0,
2472071411,0,tetUser140@iamMultipodInt.com,tetUser140,,,,1,0,,2024-10-22T07:34:47Z,2450958636,admin,2024-10-22T07:34:47Z,2450958636,admin,en_US,0,,30,INDIVIDUAL_PAYEE,,,250CCDCBFD4B9091E063E12A13ACFBF0,
2472071413,0,tetUser141@iamMultipodInt.com,tetUser141,,,,1,0,,2024-10-22T07:34:47Z,2450958636,admin,2024-10-22T07:34:47Z,2450958636,admin,en_US,0,,30,INDIVIDUAL_PAYEE,,,250CCDCBFD4C9091E063E12A13ACFBF0,
2472071415,0,tetUser142@iamMultipodInt.com,tetUser142,,,,1,0,,2024-10-22T07:34:47Z,2450958636,admin,2024-10-22T07:34:47Z,2450958636,admin,en_US,0,,30,INDIVIDUAL_PAYEE,,,250CCDCBFD4D9091E063E12A13ACFBF0,
2472071417,0,tetUser143@iamMultipodInt.com,tetUser143,,,,1,0,,2024-10-22T07:34:47Z,2450958636,admin,2024-10-22T07:34:47Z,2450958636,admin,en_US,0,,30,INDIVIDUAL_PAYEE,,,250CCDCBFD4E9091E063E12A13ACFBF0,
2472071419,0,tetUser144@iamMultipodInt.com,tetUser144,,,,1,0,,2024-10-22T07:34:47Z,2450958636,admin,2024-10-22T07:34:47Z,2450958636,admin,en_US,0,,30,INDIVIDUAL_PAYEE,,,250CCDCBFD4F9091E063E12A13ACFBF0,
2472071421,0,tetUser145@iamMultipodInt.com,tetUser145,,,,1,0,,2024-10-22T07:34:47Z,2450958636,admin,2024-10-22T07:34:47Z,2450958636,admin,en_US,0,,30,INDIVIDUAL_PAYEE,,,250CCDCBFD509091E063E12A13ACFBF0,
2472071423,0,tetUser146@iamMultipodInt.com,tetUser146,,,,1,0,,2024-10-22T07:34:47Z,2450958636,admin,2024-10-22T07:34:47Z,2450958636,admin,en_US,0,,30,INDIVIDUAL_PAYEE,,,250CCDCBFD519091E063E12A13ACFBF0,
2472071425,0,tetUser147@iamMultipodInt.com,tetUser147,,,,1,0,,2024-10-22T07:34:47Z,2450958636,admin,2024-10-22T07:34:47Z,2450958636,admin,en_US,0,,30,INDIVIDUAL_PAYEE,,,250CCDCBFD529091E063E12A13ACFBF0,
2472071427,0,tetUser148@iamMultipodInt.com,tetUser148,,,,1,0,,2024-10-22T07:34:47Z,2450958636,admin,2024-10-22T07:34:47Z,2450958636,admin,en_US,0,,30,INDIVIDUAL_PAYEE,,,250CCDCBFD539091E063E12A13ACFBF0,
2472071429,0,tetUser149@iamMultipodInt.com,tetUser149,,,,1,0,,2024-10-22T07:34:47Z,2450958636,admin,2024-10-22T07:34:47Z,2450958636,admin,en_US,0,,30,INDIVIDUAL_PAYEE,,,250CCDCBFD549091E063E12A13ACFBF0,
2472071431,0,tetUser150@iamMultipodInt.com,tetUser150,,,,1,0,,2024-10-22T07:34:47Z,2450958636,admin,2024-10-22T07:34:47Z,2450958636,admin,en_US,0,,30,INDIVIDUAL_PAYEE,,,250CCDCBFD559091E063E12A13ACFBF0,
2472071435,0,tetUser152@iamMultipodInt.com,tetUser152,,,,1,0,,2024-10-22T07:34:47Z,2450958636,admin,2024-10-22T07:34:47Z,2450958636,admin,en_US,0,,30,INDIVIDUAL_PAYEE,,,250CCDCBFD579091E063E12A13ACFBF0,
2472071479,0,tetUser174@iamMultipodInt.com,tetUser174,,,,1,0,,2024-10-22T07:34:47Z,2450958636,admin,2024-10-22T07:34:47Z,2450958636,admin,en_US,0,,30,INDIVIDUAL_PAYEE,,,250CCDCBFD6D9091E063E12A13ACFBF0,
2472071437,0,tetUser153@iamMultipodInt.com,tetUser153,,,,1,0,,2024-10-22T07:34:47Z,2450958636,admin,2024-10-22T07:34:47Z,2450958636,admin,en_US,0,,30,INDIVIDUAL_PAYEE,,,250CCDCBFD589091E063E12A13ACFBF0,
2472071439,0,tetUser154@iamMultipodInt.com,tetUser154,,,,1,0,,2024-10-22T07:34:47Z,2450958636,admin,2024-10-22T07:34:47Z,2450958636,admin,en_US,0,,30,INDIVIDUAL_PAYEE,,,250CCDCBFD599091E063E12A13ACFBF0,
2472071441,0,tetUser155@iamMultipodInt.com,tetUser155,,,,1,0,,2024-10-22T07:34:47Z,2450958636,admin,2024-10-22T07:34:47Z,2450958636,admin,en_US,0,,30,INDIVIDUAL_PAYEE,,,250CCDCBFD5A9091E063E12A13ACFBF0,
2472071443,0,tetUser156@iamMultipodInt.com,tetUser156,,,,1,0,,2024-10-22T07:34:47Z,2450958636,admin,2024-10-22T07:34:47Z,2450958636,admin,en_US,0,,30,INDIVIDUAL_PAYEE,,,250CCDCBFD5B9091E063E12A13ACFBF0,
2472071445,0,tetUser157@iamMultipodInt.com,tetUser157,,,,1,0,,2024-10-22T07:34:47Z,2450958636,admin,2024-10-22T07:34:47Z,2450958636,admin,en_US,0,,30,INDIVIDUAL_PAYEE,,,250CCDCBFD5C9091E063E12A13ACFBF0,
2472071447,0,tetUser158@iamMultipodInt.com,tetUser158,,,,1,0,,2024-10-22T07:34:47Z,2450958636,admin,2024-10-22T07:34:47Z,2450958636,admin,en_US,0,,30,INDIVIDUAL_PAYEE,,,250CCDCBFD5D9091E063E12A13ACFBF0,
2472071449,0,tetUser159@iamMultipodInt.com,tetUser159,,,,1,0,,2024-10-22T07:34:47Z,2450958636,admin,2024-10-22T07:34:47Z,2450958636,admin,en_US,0,,30,INDIVIDUAL_PAYEE,,,250CCDCBFD5E9091E063E12A13ACFBF0,
2472071451,0,tetUser160@iamMultipodInt.com,tetUser160,,,,1,0,,2024-10-22T07:34:47Z,2450958636,admin,2024-10-22T07:34:47Z,2450958636,admin,en_US,0,,30,INDIVIDUAL_PAYEE,,,250CCDCBFD5F9091E063E12A13ACFBF0,
2472071453,0,tetUser161@iamMultipodInt.com,tetUser161,,,,1,0,,2024-10-22T07:34:47Z,2450958636,admin,2024-10-22T07:34:47Z,2450958636,admin,en_US,0,,30,INDIVIDUAL_PAYEE,,,250CCDCBFD609091E063E12A13ACFBF0,
2472071455,0,tetUser162@iamMultipodInt.com,tetUser162,,,,1,0,,2024-10-22T07:34:47Z,2450958636,admin,2024-10-22T07:34:47Z,2450958636,admin,en_US,0,,30,INDIVIDUAL_PAYEE,,,250CCDCBFD619091E063E12A13ACFBF0,
2472071457,0,tetUser163@iamMultipodInt.com,tetUser163,,,,1,0,,2024-10-22T07:34:47Z,2450958636,admin,2024-10-22T07:34:47Z,2450958636,admin,en_US,0,,30,INDIVIDUAL_PAYEE,,,250CCDCBFD629091E063E12A13ACFBF0,
2472071459,0,tetUser164@iamMultipodInt.com,tetUser164,,,,1,0,,2024-10-22T07:34:47Z,2450958636,admin,2024-10-22T07:34:47Z,2450958636,admin,en_US,0,,30,INDIVIDUAL_PAYEE,,,250CCDCBFD639091E063E12A13ACFBF0,
2472071461,0,tetUser165@iamMultipodInt.com,tetUser165,,,,1,0,,2024-10-22T07:34:47Z,2450958636,admin,2024-10-22T07:34:47Z,2450958636,admin,en_US,0,,30,INDIVIDUAL_PAYEE,,,250CCDCBFD649091E063E12A13ACFBF0,
2472071463,0,tetUser166@iamMultipodInt.com,tetUser166,,,,1,0,,2024-10-22T07:34:47Z,2450958636,admin,2024-10-22T07:34:47Z,2450958636,admin,en_US,0,,30,INDIVIDUAL_PAYEE,,,250CCDCBFD659091E063E12A13ACFBF0,
2472071465,0,tetUser167@iamMultipodInt.com,tetUser167,,,,1,0,,2024-10-22T07:34:47Z,2450958636,admin,2024-10-22T07:34:47Z,2450958636,admin,en_US,0,,30,INDIVIDUAL_PAYEE,,,250CCDCBFD669091E063E12A13ACFBF0,
2472071467,0,tetUser168@iamMultipodInt.com,tetUser168,,,,1,0,,2024-10-22T07:34:47Z,2450958636,admin,2024-10-22T07:34:47Z,2450958636,admin,en_US,0,,30,INDIVIDUAL_PAYEE,,,250CCDCBFD679091E063E12A13ACFBF0,
2472071469,0,tetUser169@iamMultipodInt.com,tetUser169,,,,1,0,,2024-10-22T07:34:47Z,2450958636,admin,2024-10-22T07:34:47Z,2450958636,admin,en_US,0,,30,INDIVIDUAL_PAYEE,,,250CCDCBFD689091E063E12A13ACFBF0,
2472071471,0,tetUser170@iamMultipodInt.com,tetUser170,,,,1,0,,2024-10-22T07:34:47Z,2450958636,admin,2024-10-22T07:34:47Z,2450958636,admin,en_US,0,,30,INDIVIDUAL_PAYEE,,,250CCDCBFD699091E063E12A13ACFBF0,
2472071473,0,tetUser171@iamMultipodInt.com,tetUser171,,,,1,0,,2024-10-22T07:34:47Z,2450958636,admin,2024-10-22T07:34:47Z,2450958636,admin,en_US,0,,30,INDIVIDUAL_PAYEE,,,250CCDCBFD6A9091E063E12A13ACFBF0,
2472071475,0,tetUser172@iamMultipodInt.com,tetUser172,,,,1,0,,2024-10-22T07:34:47Z,2450958636,admin,2024-10-22T07:34:47Z,2450958636,admin,en_US,0,,30,INDIVIDUAL_PAYEE,,,250CCDCBFD6B9091E063E12A13ACFBF0,
2472071477,0,tetUser173@iamMultipodInt.com,tetUser173,,,,1,0,,2024-10-22T07:34:47Z,2450958636,admin,2024-10-22T07:34:47Z,2450958636,admin,en_US,0,,30,INDIVIDUAL_PAYEE,,,250CCDCBFD6C9091E063E12A13ACFBF0,
2472071493,0,tetUser181@iamMultipodInt.com,tetUser181,,,,1,0,,2024-10-22T07:34:47Z,2450958636,admin,2024-10-22T07:34:47Z,2450958636,admin,en_US,0,,30,INDIVIDUAL_PAYEE,,,250CCDCBFD749091E063E12A13ACFBF0,
2472071481,0,tetUser175@iamMultipodInt.com,tetUser175,,,,1,0,,2024-10-22T07:34:47Z,2450958636,admin,2024-10-22T07:34:47Z,2450958636,admin,en_US,0,,30,INDIVIDUAL_PAYEE,,,250CCDCBFD6E9091E063E12A13ACFBF0,
2472071483,0,tetUser176@iamMultipodInt.com,tetUser176,,,,1,0,,2024-10-22T07:34:47Z,2450958636,admin,2024-10-22T07:34:47Z,2450958636,admin,en_US,0,,30,INDIVIDUAL_PAYEE,,,250CCDCBFD6F9091E063E12A13ACFBF0,
2472071485,0,tetUser177@iamMultipodInt.com,tetUser177,,,,1,0,,2024-10-22T07:34:47Z,2450958636,admin,2024-10-22T07:34:47Z,2450958636,admin,en_US,0,,30,INDIVIDUAL_PAYEE,,,250CCDCBFD709091E063E12A13ACFBF0,
2472071487,0,tetUser178@iamMultipodInt.com,tetUser178,,,,1,0,,2024-10-22T07:34:47Z,2450958636,admin,2024-10-22T07:34:47Z,2450958636,admin,en_US,0,,30,INDIVIDUAL_PAYEE,,,250CCDCBFD719091E063E12A13ACFBF0,
2472071489,0,tetUser179@iamMultipodInt.com,tetUser179,,,,1,0,,2024-10-22T07:34:47Z,2450958636,admin,2024-10-22T07:34:47Z,2450958636,admin,en_US,0,,30,INDIVIDUAL_PAYEE,,,250CCDCBFD729091E063E12A13ACFBF0,
2472071491,0,tetUser180@iamMultipodInt.com,tetUser180,,,,1,0,,2024-10-22T07:34:47Z,2450958636,admin,2024-10-22T07:34:47Z,2450958636,admin,en_US,0,,30,INDIVIDUAL_PAYEE,,,250CCDCBFD739091E063E12A13ACFBF0,
2472071495,0,tetUser182@iamMultipodInt.com,tetUser182,,,,1,0,,2024-10-22T07:34:47Z,2450958636,admin,2024-10-22T07:34:47Z,2450958636,admin,en_US,0,,30,INDIVIDUAL_PAYEE,,,250CCDCBFD759091E063E12A13ACFBF0,
2472071587,0,tetUser228@iamMultipodInt.com,tetUser228,,,,1,0,,2024-10-22T07:34:47Z,2450958636,admin,2024-10-22T07:34:47Z,2450958636,admin,en_US,0,,30,INDIVIDUAL_PAYEE,,,250CCDCBFDA39091E063E12A13ACFBF0,
2472071663,0,tetUser266@iamMultipodInt.com,tetUser266,,,,1,0,,2024-10-22T07:34:47Z,2450958636,admin,2024-10-22T07:34:47Z,2450958636,admin,en_US,0,,30,INDIVIDUAL_PAYEE,,,250CCDCBFDC99091E063E12A13ACFBF0,
2472071589,0,tetUser229@iamMultipodInt.com,tetUser229,,,,1,0,,2024-10-22T07:34:47Z,2450958636,admin,2024-10-22T07:34:47Z,2450958636,admin,en_US,0,,30,INDIVIDUAL_PAYEE,,,250CCDCBFDA49091E063E12A13ACFBF0,
2472071591,0,tetUser230@iamMultipodInt.com,tetUser230,,,,1,0,,2024-10-22T07:34:47Z,2450958636,admin,2024-10-22T07:34:47Z,2450958636,admin,en_US,0,,30,INDIVIDUAL_PAYEE,,,250CCDCBFDA59091E063E12A13ACFBF0,
2472071593,0,tetUser231@iamMultipodInt.com,tetUser231,,,,1,0,,2024-10-22T07:34:47Z,2450958636,admin,2024-10-22T07:34:47Z,2450958636,admin,en_US,0,,30,INDIVIDUAL_PAYEE,,,250CCDCBFDA69091E063E12A13ACFBF0,
2472071595,0,tetUser232@iamMultipodInt.com,tetUser232,,,,1,0,,2024-10-22T07:34:47Z,2450958636,admin,2024-10-22T07:34:47Z,2450958636,admin,en_US,0,,30,INDIVIDUAL_PAYEE,,,250CCDCBFDA79091E063E12A13ACFBF0,
2472071597,0,tetUser233@iamMultipodInt.com,tetUser233,,,,1,0,,2024-10-22T07:34:47Z,2450958636,admin,2024-10-22T07:34:47Z,2450958636,admin,en_US,0,,30,INDIVIDUAL_PAYEE,,,250CCDCBFDA89091E063E12A13ACFBF0,
2472071599,0,tetUser234@iamMultipodInt.com,tetUser234,,,,1,0,,2024-10-22T07:34:47Z,2450958636,admin,2024-10-22T07:34:47Z,2450958636,admin,en_US,0,,30,INDIVIDUAL_PAYEE,,,250CCDCBFDA99091E063E12A13ACFBF0,
2472071601,0,tetUser235@iamMultipodInt.com,tetUser235,,,,1,0,,2024-10-22T07:34:47Z,2450958636,admin,2024-10-22T07:34:47Z,2450958636,admin,en_US,0,,30,INDIVIDUAL_PAYEE,,,250CCDCBFDAA9091E063E12A13ACFBF0,
2472071603,0,tetUser236@iamMultipodInt.com,tetUser236,,,,1,0,,2024-10-22T07:34:47Z,2450958636,admin,2024-10-22T07:34:47Z,2450958636,admin,en_US,0,,30,INDIVIDUAL_PAYEE,,,250CCDCBFDAB9091E063E12A13ACFBF0,
2472071605,0,tetUser237@iamMultipodInt.com,tetUser237,,,,1,0,,2024-10-22T07:34:47Z,2450958636,admin,2024-10-22T07:34:47Z,2450958636,admin,en_US,0,,30,INDIVIDUAL_PAYEE,,,250CCDCBFDAC9091E063E12A13ACFBF0,
2472071607,0,tetUser238@iamMultipodInt.com,tetUser238,,,,1,0,,2024-10-22T07:34:47Z,2450958636,admin,2024-10-22T07:34:47Z,2450958636,admin,en_US,0,,30,INDIVIDUAL_PAYEE,,,250CCDCBFDAD9091E063E12A13ACFBF0,
2472071609,0,tetUser239@iamMultipodInt.com,tetUser239,,,,1,0,,2024-10-22T07:34:47Z,2450958636,admin,2024-10-22T07:34:47Z,2450958636,admin,en_US,0,,30,INDIVIDUAL_PAYEE,,,250CCDCBFDAE9091E063E12A13ACFBF0,
2472071611,0,tetUser240@iamMultipodInt.com,tetUser240,,,,1,0,,2024-10-22T07:34:47Z,2450958636,admin,2024-10-22T07:34:47Z,2450958636,admin,en_US,0,,30,INDIVIDUAL_PAYEE,,,250CCDCBFDAF9091E063E12A13ACFBF0,
2472071613,0,tetUser241@iamMultipodInt.com,tetUser241,,,,1,0,,2024-10-22T07:34:47Z,2450958636,admin,2024-10-22T07:34:47Z,2450958636,admin,en_US,0,,30,INDIVIDUAL_PAYEE,,,250CCDCBFDB09091E063E12A13ACFBF0,
2472071615,0,tetUser242@iamMultipodInt.com,tetUser242,,,,1,0,,2024-10-22T07:34:47Z,2450958636,admin,2024-10-22T07:34:47Z,2450958636,admin,en_US,0,,30,INDIVIDUAL_PAYEE,,,250CCDCBFDB19091E063E12A13ACFBF0,
2472071617,0,tetUser243@iamMultipodInt.com,tetUser243,,,,1,0,,2024-10-22T07:34:47Z,2450958636,admin,2024-10-22T07:34:47Z,2450958636,admin,en_US,0,,30,INDIVIDUAL_PAYEE,,,250CCDCBFDB29091E063E12A13ACFBF0,
2472071619,0,tetUser244@iamMultipodInt.com,tetUser244,,,,1,0,,2024-10-22T07:34:47Z,2450958636,admin,2024-10-22T07:34:47Z,2450958636,admin,en_US,0,,30,INDIVIDUAL_PAYEE,,,250CCDCBFDB39091E063E12A13ACFBF0,
2472071621,0,tetUser245@iamMultipodInt.com,tetUser245,,,,1,0,,2024-10-22T07:34:47Z,2450958636,admin,2024-10-22T07:34:47Z,2450958636,admin,en_US,0,,30,INDIVIDUAL_PAYEE,,,250CCDCBFDB49091E063E12A13ACFBF0,
2472071623,0,tetUser246@iamMultipodInt.com,tetUser246,,,,1,0,,2024-10-22T07:34:47Z,2450958636,admin,2024-10-22T07:34:47Z,2450958636,admin,en_US,0,,30,INDIVIDUAL_PAYEE,,,250CCDCBFDB59091E063E12A13ACFBF0,
2472071625,0,tetUser247@iamMultipodInt.com,tetUser247,,,,1,0,,2024-10-22T07:34:47Z,2450958636,admin,2024-10-22T07:34:47Z,2450958636,admin,en_US,0,,30,INDIVIDUAL_PAYEE,,,250CCDCBFDB69091E063E12A13ACFBF0,
2472071627,0,tetUser248@iamMultipodInt.com,tetUser248,,,,1,0,,2024-10-22T07:34:47Z,2450958636,admin,2024-10-22T07:34:47Z,2450958636,admin,en_US,0,,30,INDIVIDUAL_PAYEE,,,250CCDCBFDB79091E063E12A13ACFBF0,
2472071629,0,tetUser249@iamMultipodInt.com,tetUser249,,,,1,0,,2024-10-22T07:34:47Z,2450958636,admin,2024-10-22T07:34:47Z,2450958636,admin,en_US,0,,30,INDIVIDUAL_PAYEE,,,250CCDCBFDB89091E063E12A13ACFBF0,
2472071631,0,tetUser250@iamMultipodInt.com,tetUser250,,,,1,0,,2024-10-22T07:34:47Z,2450958636,admin,2024-10-22T07:34:47Z,2450958636,admin,en_US,0,,30,INDIVIDUAL_PAYEE,,,250CCDCBFDB99091E063E12A13ACFBF0,
2472071633,0,tetUser251@iamMultipodInt.com,tetUser251,,,,1,0,,2024-10-22T07:34:47Z,2450958636,admin,2024-10-22T07:34:47Z,2450958636,admin,en_US,0,,30,INDIVIDUAL_PAYEE,,,250CCDCBFDBA9091E063E12A13ACFBF0,
2472071635,0,tetUser252@iamMultipodInt.com,tetUser252,,,,1,0,,2024-10-22T07:34:47Z,2450958636,admin,2024-10-22T07:34:47Z,2450958636,admin,en_US,0,,30,INDIVIDUAL_PAYEE,,,250CCDCBFDBB9091E063E12A13ACFBF0,
2472071637,0,tetUser253@iamMultipodInt.com,tetUser253,,,,1,0,,2024-10-22T07:34:47Z,2450958636,admin,2024-10-22T07:34:47Z,2450958636,admin,en_US,0,,30,INDIVIDUAL_PAYEE,,,250CCDCBFDBC9091E063E12A13ACFBF0,
2472071639,0,tetUser254@iamMultipodInt.com,tetUser254,,,,1,0,,2024-10-22T07:34:47Z,2450958636,admin,2024-10-22T07:34:47Z,2450958636,admin,en_US,0,,30,INDIVIDUAL_PAYEE,,,250CCDCBFDBD9091E063E12A13ACFBF0,
2472071641,0,tetUser255@iamMultipodInt.com,tetUser255,,,,1,0,,2024-10-22T07:34:47Z,2450958636,admin,2024-10-22T07:34:47Z,2450958636,admin,en_US,0,,30,INDIVIDUAL_PAYEE,,,250CCDCBFDBE9091E063E12A13ACFBF0,
2472071643,0,tetUser256@iamMultipodInt.com,tetUser256,,,,1,0,,2024-10-22T07:34:47Z,2450958636,admin,2024-10-22T07:34:47Z,2450958636,admin,en_US,0,,30,INDIVIDUAL_PAYEE,,,250CCDCBFDBF9091E063E12A13ACFBF0,
2472071645,0,tetUser257@iamMultipodInt.com,tetUser257,,,,1,0,,2024-10-22T07:34:47Z,2450958636,admin,2024-10-22T07:34:47Z,2450958636,admin,en_US,0,,30,INDIVIDUAL_PAYEE,,,250CCDCBFDC09091E063E12A13ACFBF0,
2472071647,0,tetUser258@iamMultipodInt.com,tetUser258,,,,1,0,,2024-10-22T07:34:47Z,2450958636,admin,2024-10-22T07:34:47Z,2450958636,admin,en_US,0,,30,INDIVIDUAL_PAYEE,,,250CCDCBFDC19091E063E12A13ACFBF0,
2472071649,0,tetUser259@iamMultipodInt.com,tetUser259,,,,1,0,,2024-10-22T07:34:47Z,2450958636,admin,2024-10-22T07:34:47Z,2450958636,admin,en_US,0,,30,INDIVIDUAL_PAYEE,,,250CCDCBFDC29091E063E12A13ACFBF0,
2472071651,0,tetUser260@iamMultipodInt.com,tetUser260,,,,1,0,,2024-10-22T07:34:47Z,2450958636,admin,2024-10-22T07:34:47Z,2450958636,admin,en_US,0,,30,INDIVIDUAL_PAYEE,,,250CCDCBFDC39091E063E12A13ACFBF0,
2472071653,0,tetUser261@iamMultipodInt.com,tetUser261,,,,1,0,,2024-10-22T07:34:47Z,2450958636,admin,2024-10-22T07:34:47Z,2450958636,admin,en_US,0,,30,INDIVIDUAL_PAYEE,,,250CCDCBFDC49091E063E12A13ACFBF0,
2472071655,0,tetUser262@iamMultipodInt.com,tetUser262,,,,1,0,,2024-10-22T07:34:47Z,2450958636,admin,2024-10-22T07:34:47Z,2450958636,admin,en_US,0,,30,INDIVIDUAL_PAYEE,,,250CCDCBFDC59091E063E12A13ACFBF0,
2472071657,0,tetUser263@iamMultipodInt.com,tetUser263,,,,1,0,,2024-10-22T07:34:47Z,2450958636,admin,2024-10-22T07:34:47Z,2450958636,admin,en_US,0,,30,INDIVIDUAL_PAYEE,,,250CCDCBFDC69091E063E12A13ACFBF0,
2472071659,0,tetUser264@iamMultipodInt.com,tetUser264,,,,1,0,,2024-10-22T07:34:47Z,2450958636,admin,2024-10-22T07:34:47Z,2450958636,admin,en_US,0,,30,INDIVIDUAL_PAYEE,,,250CCDCBFDC79091E063E12A13ACFBF0,
2472071661,0,tetUser265@iamMultipodInt.com,tetUser265,,,,1,0,,2024-10-22T07:34:47Z,2450958636,admin,2024-10-22T07:34:47Z,2450958636,admin,en_US,0,,30,INDIVIDUAL_PAYEE,,,250CCDCBFDC89091E063E12A13ACFBF0,
2472071359,0,tetUser114@iamMultipodInt.com,tetUser114,,,,1,0,,2024-10-22T07:34:47Z,2450958636,admin,2024-10-22T07:34:47Z,2450958636,admin,en_US,1,,30,INDIVIDUAL_PAYEE,2024-10-22,,250CCDCBFD319091E063E12A13ACFBF0,
2472071361,0,tetUser115@iamMultipodInt.com,tetUser115,,,,1,0,,2024-10-22T07:34:47Z,2450958636,admin,2024-10-22T07:34:47Z,2450958636,admin,en_US,1,,30,INDIVIDUAL_PAYEE,2024-10-22,,250CCDCBFD329091E063E12A13ACFBF0,
2472071363,0,tetUser116@iamMultipodInt.com,tetUser116,,,,1,0,,2024-10-22T07:34:47Z,2450958636,admin,2024-10-22T07:34:47Z,2450958636,admin,en_US,1,,30,INDIVIDUAL_PAYEE,2024-10-22,,250CCDCBFD339091E063E12A13ACFBF0,
2472071365,0,tetUser117@iamMultipodInt.com,tetUser117,,,,1,0,,2024-10-22T07:34:47Z,2450958636,admin,2024-10-22T07:34:47Z,2450958636,admin,en_US,1,,30,INDIVIDUAL_PAYEE,2024-10-22,,250CCDCBFD349091E063E12A13ACFBF0,
2472071367,0,tetUser118@iamMultipodInt.com,tetUser118,,,,1,0,,2024-10-22T07:34:47Z,2450958636,admin,2024-10-22T07:34:47Z,2450958636,admin,en_US,1,,30,INDIVIDUAL_PAYEE,2024-10-22,,250CCDCBFD359091E063E12A13ACFBF0,
2472071369,0,tetUser119@iamMultipodInt.com,tetUser119,,,,1,0,,2024-10-22T07:34:47Z,2450958636,admin,2024-10-22T07:34:47Z,2450958636,admin,en_US,1,,30,INDIVIDUAL_PAYEE,2024-10-22,,250CCDCBFD369091E063E12A13ACFBF0,
2472071371,0,tetUser120@iamMultipodInt.com,tetUser120,,,,1,0,,2024-10-22T07:34:47Z,2450958636,admin,2024-10-22T07:34:47Z,2450958636,admin,en_US,0,,30,INDIVIDUAL_PAYEE,,,250CCDCBFD379091E063E12A13ACFBF0,
2472071373,0,tetUser121@iamMultipodInt.com,tetUser121,,,,1,0,,2024-10-22T07:34:47Z,2450958636,admin,2024-10-22T07:34:47Z,2450958636,admin,en_US,0,,30,INDIVIDUAL_PAYEE,,,250CCDCBFD389091E063E12A13ACFBF0,
2565168718,0,User24@iammultipodintup.com,User24,,,,1,0,,2025-05-29T09:41:26Z,2450958636,admin,2025-05-29T09:41:26Z,2450958636,admin,en_US,1,,30,INDIVIDUAL_PAYEE,2025-05-29,,364419F17B01DD1FE063E52E13AC169F,
2565168720,0,User25@iammultipodintup.com,User25,,,,1,0,,2025-05-29T09:41:26Z,2450958636,admin,2025-05-29T09:41:26Z,2450958636,admin,en_US,1,,30,INDIVIDUAL_PAYEE,2025-05-29,,364419F17B02DD1FE063E52E13AC169F,
2565168722,0,User26@iammultipodintup.com,User26,,,,1,0,,2025-05-29T09:41:26Z,2450958636,admin,2025-05-29T09:41:26Z,2450958636,admin,en_US,1,,30,INDIVIDUAL_PAYEE,2025-05-29,,364419F17B03DD1FE063E52E13AC169F,
2565168724,0,User27@iammultipodintup.com,User27,,,,1,0,,2025-05-29T09:41:26Z,2450958636,admin,2025-05-29T09:41:26Z,2450958636,admin,en_US,1,,30,INDIVIDUAL_PAYEE,2025-05-29,,364419F17B04DD1FE063E52E13AC169F,
2565168726,0,User28@iammultipodintup.com,User28,,,,1,0,,2025-05-29T09:41:26Z,2450958636,admin,2025-05-29T09:41:26Z,2450958636,admin,en_US,1,,30,INDIVIDUAL_PAYEE,2025-05-29,,364419F17B05DD1FE063E52E13AC169F,
2565168728,0,User29@iammultipodintup.com,User29,,,,1,0,,2025-05-29T09:41:26Z,2450958636,admin,2025-05-29T09:41:26Z,2450958636,admin,en_US,1,,30,INDIVIDUAL_PAYEE,2025-05-29,,364419F17B06DD1FE063E52E13AC169F,
2565168730,0,User30@iammultipodintup.com,User30,,,,1,0,,2025-05-29T09:41:26Z,2450958636,admin,2025-05-29T09:41:26Z,2450958636,admin,en_US,1,,30,INDIVIDUAL_PAYEE,2025-05-29,,364419F17B07DD1FE063E52E13AC169F,
2565168732,0,User32@iammultipodintup.com,User32,,,,1,0,,2025-05-29T09:41:26Z,2450958636,admin,2025-05-29T09:41:26Z,2450958636,admin,en_US,1,,30,INDIVIDUAL_PAYEE,2025-05-29,,364419F17B08DD1FE063E52E13AC169F,
2565168734,0,User33@iammultipodintup.com,User33,,,,1,0,,2025-05-29T09:41:26Z,2450958636,admin,2025-05-29T09:41:26Z,2450958636,admin,en_US,1,,30,INDIVIDUAL_PAYEE,2025-05-29,,364419F17B09DD1FE063E52E13AC169F,
2565168736,0,User34@iammultipodintup.com,User34,,,,1,0,,2025-05-29T09:41:26Z,2450958636,admin,2025-05-29T09:41:26Z,2450958636,admin,en_US,1,,30,INDIVIDUAL_PAYEE,2025-05-29,,364419F17B0ADD1FE063E52E13AC169F,
2565168738,0,User35@iammultipodintup.com,User35,,,,1,0,,2025-05-29T09:41:26Z,2450958636,admin,2025-05-29T09:41:26Z,2450958636,admin,en_US,1,,30,INDIVIDUAL_PAYEE,2025-05-29,,364419F17B0BDD1FE063E52E13AC169F,
2565168740,0,User36@iammultipodintup.com,User36,,,,1,0,,2025-05-29T09:41:26Z,2450958636,admin,2025-05-29T09:41:26Z,2450958636,admin,en_US,1,,30,INDIVIDUAL_PAYEE,2025-05-29,,364419F17B0CDD1FE063E52E13AC169F,
2565168742,0,User37@iammultipodintup.com,User37,,,,1,0,,2025-05-29T09:41:26Z,2450958636,admin,2025-05-29T09:41:26Z,2450958636,admin,en_US,1,,30,INDIVIDUAL_PAYEE,2025-05-29,,364419F17B0DDD1FE063E52E13AC169F,
2565168744,0,User38@iammultipodintup.com,User38,,,,1,0,,2025-05-29T09:41:26Z,2450958636,admin,2025-05-29T09:41:26Z,2450958636,admin,en_US,1,,30,INDIVIDUAL_PAYEE,2025-05-29,,364419F17B0EDD1FE063E52E13AC169F,
2565168746,0,User39@iammultipodintup.com,User39,,,,1,0,,2025-05-29T09:41:26Z,2450958636,admin,2025-05-29T09:41:26Z,2450958636,admin,en_US,1,,30,INDIVIDUAL_PAYEE,2025-05-29,,364419F17B0FDD1FE063E52E13AC169F,
2565168748,0,User40@iammultipodintup.com,User40,,,,1,0,,2025-05-29T09:41:26Z,2450958636,admin,2025-05-29T09:41:26Z,2450958636,admin,en_US,1,,30,INDIVIDUAL_PAYEE,2025-05-29,,364419F17B10DD1FE063E52E13AC169F,
2565168750,0,User41@iammultipodintup.com,User41,,,,1,0,,2025-05-29T09:41:26Z,2450958636,admin,2025-05-29T09:41:26Z,2450958636,admin,en_US,1,,30,INDIVIDUAL_PAYEE,2025-05-29,,364419F17B11DD1FE063E52E13AC169F,
2565168752,0,User42@iammultipodintup.com,User42,,,,1,0,,2025-05-29T09:41:26Z,2450958636,admin,2025-05-29T09:41:26Z,2450958636,admin,en_US,1,,30,INDIVIDUAL_PAYEE,2025-05-29,,364419F17B12DD1FE063E52E13AC169F,
2565168754,0,User43@iammultipodintup.com,User43,,,,1,0,,2025-05-29T09:41:26Z,2450958636,admin,2025-05-29T09:41:26Z,2450958636,admin,en_US,1,,30,INDIVIDUAL_PAYEE,2025-05-29,,364419F17B13DD1FE063E52E13AC169F,
2565168756,0,User44@iammultipodintup.com,User44,,,,1,0,,2025-05-29T09:41:26Z,2450958636,admin,2025-05-29T09:41:26Z,2450958636,admin,en_US,1,,30,INDIVIDUAL_PAYEE,2025-05-29,,364419F17B14DD1FE063E52E13AC169F,
2565168758,0,User45@iammultipodintup.com,User45,,,,1,0,,2025-05-29T09:41:26Z,2450958636,admin,2025-05-29T09:41:26Z,2450958636,admin,en_US,1,,30,INDIVIDUAL_PAYEE,2025-05-29,,364419F17B15DD1FE063E52E13AC169F,
2565168760,0,User46@iammultipodintup.com,User46,,,,1,0,,2025-05-29T09:41:26Z,2450958636,admin,2025-05-29T09:41:26Z,2450958636,admin,en_US,1,,30,INDIVIDUAL_PAYEE,2025-05-29,,364419F17B16DD1FE063E52E13AC169F,
2565168762,0,User47@iammultipodintup.com,User47,,,,1,0,,2025-05-29T09:41:26Z,2450958636,admin,2025-05-29T09:41:26Z,2450958636,admin,en_US,1,,30,INDIVIDUAL_PAYEE,2025-05-29,,364419F17B17DD1FE063E52E13AC169F,
2565168764,0,User48@iammultipodintup.com,User48,,,,1,0,,2025-05-29T09:41:26Z,2450958636,admin,2025-05-29T09:41:26Z,2450958636,admin,en_US,1,,30,INDIVIDUAL_PAYEE,2025-05-29,,364419F17B18DD1FE063E52E13AC169F,
2565168766,0,User49@iammultipodintup.com,User49,,,,1,0,,2025-05-29T09:41:26Z,2450958636,admin,2025-05-29T09:41:26Z,2450958636,admin,en_US,1,,30,INDIVIDUAL_PAYEE,2025-05-29,,364419F17B19DD1FE063E52E13AC169F,
2565168768,0,User50@iammultipodintup.com,User50,,,,1,0,,2025-05-29T09:41:26Z,2450958636,admin,2025-05-29T09:41:26Z,2450958636,admin,en_US,1,,30,INDIVIDUAL_PAYEE,2025-05-29,,364419F17B1ADD1FE063E52E13AC169F,
2565169721,0,user50@iammultipodinntup.com,user50,,,,1,0,,2025-05-29T10:00:58Z,2450958636,admin,2025-05-29T10:00:58Z,2450958636,admin,en_US,1,,,MANAGER,2025-05-29,,364460A28EE89D02E063E52E13AC9576,
2565168700,0,User14@iammultipodintup.com,User14,,,,1,0,,2025-05-29T09:41:26Z,2450958636,admin,2025-05-29T09:41:26Z,2450958636,admin,en_US,1,,30,INDIVIDUAL_PAYEE,2025-05-29,,364419F17AF8DD1FE063E52E13AC169F,
2565168702,0,User15@iammultipodintup.com,User15,,,,1,0,,2025-05-29T09:41:26Z,2450958636,admin,2025-05-29T09:41:26Z,2450958636,admin,en_US,1,,30,INDIVIDUAL_PAYEE,2025-05-29,,364419F17AF9DD1FE063E52E13AC169F,
2565168704,0,User16@iammultipodintup.com,User16,,,,1,0,,2025-05-29T09:41:26Z,2450958636,admin,2025-05-29T09:41:26Z,2450958636,admin,en_US,1,,30,INDIVIDUAL_PAYEE,2025-05-29,,364419F17AFADD1FE063E52E13AC169F,
2565168706,0,User17@iammultipodintup.com,User17,,,,1,0,,2025-05-29T09:41:26Z,2450958636,admin,2025-05-29T09:41:26Z,2450958636,admin,en_US,1,,30,INDIVIDUAL_PAYEE,2025-05-29,,364419F17AFBDD1FE063E52E13AC169F,
2565168708,0,User18@iammultipodintup.com,User18,,,,1,0,,2025-05-29T09:41:26Z,2450958636,admin,2025-05-29T09:41:26Z,2450958636,admin,en_US,1,,30,INDIVIDUAL_PAYEE,2025-05-29,,364419F17AFCDD1FE063E52E13AC169F,
2565168710,0,User19@iammultipodintup.com,User19,,,,1,0,,2025-05-29T09:41:26Z,2450958636,admin,2025-05-29T09:41:26Z,2450958636,admin,en_US,1,,30,INDIVIDUAL_PAYEE,2025-05-29,,364419F17AFDDD1FE063E52E13AC169F,
2565168712,0,User20@iammultipodintup.com,User20,,,,1,0,,2025-05-29T09:41:26Z,2450958636,admin,2025-05-29T09:41:26Z,2450958636,admin,en_US,1,,30,INDIVIDUAL_PAYEE,2025-05-29,,364419F17AFEDD1FE063E52E13AC169F,
2565168716,0,User23@iammultipodintup.com,User23,,,,1,0,,2025-05-29T09:41:26Z,2450958636,admin,2025-05-29T09:41:26Z,2450958636,admin,en_US,1,,30,INDIVIDUAL_PAYEE,2025-05-29,,364419F17B00DD1FE063E52E13AC169F,
2565168714,0,User22@iammultipodintup.com,User22,,,,1,0,,2025-05-29T09:41:26Z,2450958636,admin,2025-05-29T09:41:26Z,2450958636,admin,en_US,1,,30,INDIVIDUAL_PAYEE,2025-05-29,,364419F17AFFDD1FE063E52E13AC169F,
2565168678,0,User1@iammultipodintup.com,User1,,,,1,0,,2025-05-29T09:41:26Z,2450958636,admin,2025-05-29T09:41:26Z,2450958636,admin,en_US,1,,30,INDIVIDUAL_PAYEE,2025-05-29,,364419F17AEDDD1FE063E52E13AC169F,
2565168698,0,User13@iammultipodintup.com,User13,,,,1,0,,2025-05-29T09:41:26Z,2450958636,admin,2025-05-29T09:41:26Z,2450958636,admin,en_US,1,,30,INDIVIDUAL_PAYEE,2025-05-29,,364419F17AF7DD1FE063E52E13AC169F,
2565168680,0,User2@iammultipodintup.com,User2,,,,1,0,,2025-05-29T09:41:26Z,2450958636,admin,2025-05-29T09:41:26Z,2450958636,admin,en_US,1,,30,INDIVIDUAL_PAYEE,2025-05-29,,364419F17AEEDD1FE063E52E13AC169F,
2565168682,0,User3@iammultipodintup.com,User3,,,,1,0,,2025-05-29T09:41:26Z,2450958636,admin,2025-05-29T09:41:26Z,2450958636,admin,en_US,1,,30,INDIVIDUAL_PAYEE,2025-05-29,,364419F17AEFDD1FE063E52E13AC169F,
2565168684,0,User4@iammultipodintup.com,User4,,,,1,0,,2025-05-29T09:41:26Z,2450958636,admin,2025-05-29T09:41:26Z,2450958636,admin,en_US,1,,30,INDIVIDUAL_PAYEE,2025-05-29,,364419F17AF0DD1FE063E52E13AC169F,
2565168686,0,User5@iammultipodintup.com,User5,,,,1,0,,2025-05-29T09:41:26Z,2450958636,admin,2025-05-29T09:41:26Z,2450958636,admin,en_US,1,,30,INDIVIDUAL_PAYEE,2025-05-29,,364419F17AF1DD1FE063E52E13AC169F,
2565168688,0,User6@iammultipodintup.com,User6,,,,1,0,,2025-05-29T09:41:26Z,2450958636,admin,2025-05-29T09:41:26Z,2450958636,admin,en_US,1,,30,INDIVIDUAL_PAYEE,2025-05-29,,364419F17AF2DD1FE063E52E13AC169F,
2565168690,0,User7@iammultipodintup.com,User7,,,,1,0,,2025-05-29T09:41:26Z,2450958636,admin,2025-05-29T09:41:26Z,2450958636,admin,en_US,1,,30,INDIVIDUAL_PAYEE,2025-05-29,,364419F17AF3DD1FE063E52E13AC169F,
2565168692,0,User8@iammultipodintup.com,User8,,,,1,0,,2025-05-29T09:41:26Z,2450958636,admin,2025-05-29T09:41:26Z,2450958636,admin,en_US,1,,30,INDIVIDUAL_PAYEE,2025-05-29,,364419F17AF4DD1FE063E52E13AC169F,
2565168694,0,User9@iammultipodintup.com,User9,,,,1,0,,2025-05-29T09:41:26Z,2450958636,admin,2025-05-29T09:41:26Z,2450958636,admin,en_US,1,,30,INDIVIDUAL_PAYEE,2025-05-29,,364419F17AF5DD1FE063E52E13AC169F,
2565168696,0,User10@iammultipodintup.com,User10,,,,1,0,,2025-05-29T09:41:26Z,2450958636,admin,2025-05-29T09:41:26Z,2450958636,admin,en_US,1,,30,INDIVIDUAL_PAYEE,2025-05-29,,364419F17AF6DD1FE063E52E13AC169F,
2465368164,0,testUser4@iamMultipodInt.com,testUser4,,,,1,1,,2024-07-03T05:16:18Z,2450958636,admin,2024-07-03T05:16:18Z,2450958636,admin,en_US,1,,30,INDIVIDUAL_PAYEE,2024-07-03,2,1C51EE296B43E318E063E12A13ACA931,
2465368168,0,testUser6@iamMultipodInt.com,testUser6,,,,1,1,,2024-07-03T05:16:18Z,2450958636,admin,2025-03-14T04:46:20Z,2450958636,admin,en_US,1,,30,MANAGER,2025-01-30,,1C51EE296B45E318E063E12A13ACA931,
2465368170,0,testUser7@iamMultipodInt.com,testUser7,,,,1,1,,2024-07-03T05:16:18Z,2450958636,admin,2024-07-03T05:16:18Z,2450958636,admin,en_US,1,,30,INDIVIDUAL_PAYEE,2024-07-03,,1C51EE296B46E318E063E12A13ACA931,
2465368172,0,testUser8@iamMultipodInt.com,testUser8,,,,1,0,,2024-07-03T05:16:18Z,2450958636,admin,2024-07-03T05:16:18Z,2450958636,admin,en_US,1,,30,INDIVIDUAL_PAYEE,2024-07-03,,1C51EE296B47E318E063E12A13ACA931,
2463531984,0,user2@iamqaintyMulti.com,user2,,,,1,0,,2024-05-29T14:58:54Z,2450958636,admin,2024-05-29T14:58:54Z,2450958636,admin,en_US,1,,,INDIVIDUAL_PAYEE,2024-05-29,,1999FDAF56D2F5DEE063E12A13AC9C94,
2472071667,0,tetUser268@iamMultipodInt.com,tetUser268,,,,1,0,,2024-10-22T07:34:47Z,2450958636,admin,2024-10-22T07:34:47Z,2450958636,admin,en_US,0,,30,INDIVIDUAL_PAYEE,,,250CCDCBFDCB9091E063E12A13ACFBF0,
2472071665,0,tetUser267@iamMultipodInt.com,tetUser267,,,,1,0,,2024-10-22T07:34:47Z,2450958636,admin,2024-10-22T07:34:47Z,2450958636,admin,en_US,0,,30,INDIVIDUAL_PAYEE,,,250CCDCBFDCA9091E063E12A13ACFBF0,
2472071669,0,tetUser269@iamMultipodInt.com,tetUser269,,,,1,0,,2024-10-22T07:34:47Z,2450958636,admin,2024-10-22T07:34:47Z,2450958636,admin,en_US,0,,30,INDIVIDUAL_PAYEE,,,250CCDCBFDCC9091E063E12A13ACFBF0,
2472071671,0,tetUser270@iamMultipodInt.com,tetUser270,,,,1,0,,2024-10-22T07:34:47Z,2450958636,admin,2024-10-22T07:34:47Z,2450958636,admin,en_US,0,,30,INDIVIDUAL_PAYEE,,,250CCDCBFDCD9091E063E12A13ACFBF0,
2472071673,0,tetUser271@iamMultipodInt.com,tetUser271,,,,1,0,,2024-10-22T07:34:47Z,2450958636,admin,2024-10-22T07:34:47Z,2450958636,admin,en_US,0,,30,INDIVIDUAL_PAYEE,,,250CCDCBFDCE9091E063E12A13ACFBF0,
2472071675,0,tetUser272@iamMultipodInt.com,tetUser272,,,,1,0,,2024-10-22T07:34:47Z,2450958636,admin,2024-10-22T07:34:47Z,2450958636,admin,en_US,0,,30,INDIVIDUAL_PAYEE,,,250CCDCBFDCF9091E063E12A13ACFBF0,
2472071677,0,tetUser273@iamMultipodInt.com,tetUser273,,,,1,0,,2024-10-22T07:34:47Z,2450958636,admin,2024-10-22T07:34:47Z,2450958636,admin,en_US,0,,30,INDIVIDUAL_PAYEE,,,250CCDCBFDD09091E063E12A13ACFBF0,
2472071679,0,tetUser274@iamMultipodInt.com,tetUser274,,,,1,0,,2024-10-22T07:34:47Z,2450958636,admin,2024-10-22T07:34:47Z,2450958636,admin,en_US,0,,30,INDIVIDUAL_PAYEE,,,250CCDCBFDD19091E063E12A13ACFBF0,
2463515087,0,user1@iamMultipodInt.com,user1,,,,1,0,,2024-05-29T12:05:39Z,2450958636,admin,2024-05-29T12:05:39Z,2450958636,admin,en_US,1,,,INDIVIDUAL_PAYEE,2024-05-29,,1997921053F8CB62E063E12A13AC5F58,
2472071681,0,tetUser275@iamMultipodInt.com,tetUser275,,,,1,0,,2024-10-22T07:34:47Z,2450958636,admin,2024-10-22T07:34:47Z,2450958636,admin,en_US,1,,30,INDIVIDUAL_PAYEE,2024-10-22,,250CCDCBFDD29091E063E12A13ACFBF0,
2472071683,0,tetUser276@iamMultipodInt.com,tetUser276,,,,1,0,,2024-10-22T07:34:47Z,2450958636,admin,2024-10-22T07:34:47Z,2450958636,admin,en_US,1,,30,INDIVIDUAL_PAYEE,2024-10-22,,250CCDCBFDD39091E063E12A13ACFBF0,
2472071685,0,tetUser277@iamMultipodInt.com,tetUser277,,,,1,0,,2024-10-22T07:34:47Z,2450958636,admin,2024-10-22T07:34:47Z,2450958636,admin,en_US,1,,30,INDIVIDUAL_PAYEE,2024-10-22,,250CCDCBFDD49091E063E12A13ACFBF0,
2472071687,0,tetUser278@iamMultipodInt.com,tetUser278,,,,1,0,,2024-10-22T07:34:47Z,2450958636,admin,2024-10-22T07:34:47Z,2450958636,admin,en_US,1,,30,INDIVIDUAL_PAYEE,2024-10-22,,250CCDCBFDD59091E063E12A13ACFBF0,
2472071689,0,tetUser279@iamMultipodInt.com,tetUser279,,,,1,0,,2024-10-22T07:34:47Z,2450958636,admin,2024-10-22T07:34:47Z,2450958636,admin,en_US,1,,30,INDIVIDUAL_PAYEE,2024-10-22,,250CCDCBFDD69091E063E12A13ACFBF0,
2472071691,0,tetUser280@iamMultipodInt.com,tetUser280,,,,1,0,,2024-10-22T07:34:47Z,2450958636,admin,2024-10-22T07:34:47Z,2450958636,admin,en_US,1,,30,INDIVIDUAL_PAYEE,2024-10-22,,250CCDCBFDD79091E063E12A13ACFBF0,
2472071693,0,tetUser281@iamMultipodInt.com,tetUser281,,,,1,0,,2024-10-22T07:34:47Z,2450958636,admin,2024-10-22T07:34:47Z,2450958636,admin,en_US,1,,30,INDIVIDUAL_PAYEE,2024-10-22,,250CCDCBFDD89091E063E12A13ACFBF0,
2472071751,0,tetUser310@iamMultipodInt.com,tetUser310,,,,1,0,,2024-10-22T07:34:47Z,2450958636,admin,2024-10-22T07:34:47Z,2450958636,admin,en_US,1,,30,INDIVIDUAL_PAYEE,2024-10-22,,250CCDCBFDF59091E063E12A13ACFBF0,
2472071695,0,tetUser282@iamMultipodInt.com,tetUser282,,,,1,0,,2024-10-22T07:34:47Z,2450958636,admin,2024-10-22T07:34:47Z,2450958636,admin,en_US,1,,30,INDIVIDUAL_PAYEE,2024-10-22,,250CCDCBFDD99091E063E12A13ACFBF0,
2472071697,0,tetUser283@iamMultipodInt.com,tetUser283,,,,1,0,,2024-10-22T07:34:47Z,2450958636,admin,2024-10-22T07:34:47Z,2450958636,admin,en_US,1,,30,INDIVIDUAL_PAYEE,2024-10-22,,250CCDCBFDDA9091E063E12A13ACFBF0,
2472071699,0,tetUser284@iamMultipodInt.com,tetUser284,,,,1,0,,2024-10-22T07:34:47Z,2450958636,admin,2024-10-22T07:34:47Z,2450958636,admin,en_US,1,,30,INDIVIDUAL_PAYEE,2024-10-22,,250CCDCBFDDB9091E063E12A13ACFBF0,
2472071701,0,tetUser285@iamMultipodInt.com,tetUser285,,,,1,0,,2024-10-22T07:34:47Z,2450958636,admin,2024-10-22T07:34:47Z,2450958636,admin,en_US,1,,30,INDIVIDUAL_PAYEE,2024-10-22,,250CCDCBFDDC9091E063E12A13ACFBF0,
2472071703,0,tetUser286@iamMultipodInt.com,tetUser286,,,,1,0,,2024-10-22T07:34:47Z,2450958636,admin,2024-10-22T07:34:47Z,2450958636,admin,en_US,1,,30,INDIVIDUAL_PAYEE,2024-10-22,,250CCDCBFDDD9091E063E12A13ACFBF0,
2472071705,0,tetUser287@iamMultipodInt.com,tetUser287,,,,1,0,,2024-10-22T07:34:47Z,2450958636,admin,2024-10-22T07:34:47Z,2450958636,admin,en_US,1,,30,INDIVIDUAL_PAYEE,2024-10-22,,250CCDCBFDDE9091E063E12A13ACFBF0,
2472071707,0,tetUser288@iamMultipodInt.com,tetUser288,,,,1,0,,2024-10-22T07:34:47Z,2450958636,admin,2024-10-22T07:34:47Z,2450958636,admin,en_US,1,,30,INDIVIDUAL_PAYEE,2024-10-22,,250CCDCBFDDF9091E063E12A13ACFBF0,
2472071709,0,tetUser289@iamMultipodInt.com,tetUser289,,,,1,0,,2024-10-22T07:34:47Z,2450958636,admin,2024-10-22T07:34:47Z,2450958636,admin,en_US,1,,30,INDIVIDUAL_PAYEE,2024-10-22,,250CCDCBFDE09091E063E12A13ACFBF0,
2472071711,0,tetUser290@iamMultipodInt.com,tetUser290,,,,1,0,,2024-10-22T07:34:47Z,2450958636,admin,2024-10-22T07:34:47Z,2450958636,admin,en_US,1,,30,INDIVIDUAL_PAYEE,2024-10-22,,250CCDCBFDE19091E063E12A13ACFBF0,
2472071713,0,tetUser291@iamMultipodInt.com,tetUser291,,,,1,0,,2024-10-22T07:34:47Z,2450958636,admin,2024-10-22T07:34:47Z,2450958636,admin,en_US,1,,30,INDIVIDUAL_PAYEE,2024-10-22,,250CCDCBFDE29091E063E12A13ACFBF0,
2472071715,0,tetUser292@iamMultipodInt.com,tetUser292,,,,1,0,,2024-10-22T07:34:47Z,2450958636,admin,2024-10-22T07:34:47Z,2450958636,admin,en_US,1,,30,INDIVIDUAL_PAYEE,2024-10-22,,250CCDCBFDE39091E063E12A13ACFBF0,
2472071717,0,tetUser293@iamMultipodInt.com,tetUser293,,,,1,0,,2024-10-22T07:34:47Z,2450958636,admin,2024-10-22T07:34:47Z,2450958636,admin,en_US,1,,30,INDIVIDUAL_PAYEE,2024-10-22,,250CCDCBFDE49091E063E12A13ACFBF0,
2472071719,0,tetUser294@iamMultipodInt.com,tetUser294,,,,1,0,,2024-10-22T07:34:47Z,2450958636,admin,2024-10-22T07:34:47Z,2450958636,admin,en_US,1,,30,INDIVIDUAL_PAYEE,2024-10-22,,250CCDCBFDE59091E063E12A13ACFBF0,
2472071721,0,tetUser295@iamMultipodInt.com,tetUser295,,,,1,0,,2024-10-22T07:34:47Z,2450958636,admin,2024-10-22T07:34:47Z,2450958636,admin,en_US,1,,30,INDIVIDUAL_PAYEE,2024-10-22,,250CCDCBFDE69091E063E12A13ACFBF0,
2472071723,0,tetUser296@iamMultipodInt.com,tetUser296,,,,1,0,,2024-10-22T07:34:47Z,2450958636,admin,2024-10-22T07:34:47Z,2450958636,admin,en_US,1,,30,INDIVIDUAL_PAYEE,2024-10-22,,250CCDCBFDE79091E063E12A13ACFBF0,
2472071725,0,tetUser297@iamMultipodInt.com,tetUser297,,,,1,0,,2024-10-22T07:34:47Z,2450958636,admin,2024-10-22T07:34:47Z,2450958636,admin,en_US,1,,30,INDIVIDUAL_PAYEE,2024-10-22,,250CCDCBFDE89091E063E12A13ACFBF0,
2472071727,0,tetUser298@iamMultipodInt.com,tetUser298,,,,1,0,,2024-10-22T07:34:47Z,2450958636,admin,2024-10-22T07:34:47Z,2450958636,admin,en_US,1,,30,INDIVIDUAL_PAYEE,2024-10-22,,250CCDCBFDE99091E063E12A13ACFBF0,
2472071729,0,tetUser299@iamMultipodInt.com,tetUser299,,,,1,0,,2024-10-22T07:34:47Z,2450958636,admin,2024-10-22T07:34:47Z,2450958636,admin,en_US,1,,30,INDIVIDUAL_PAYEE,2024-10-22,,250CCDCBFDEA9091E063E12A13ACFBF0,
2472071731,0,tetUser300@iamMultipodInt.com,tetUser300,,,,1,0,,2024-10-22T07:34:47Z,2450958636,admin,2024-10-22T07:34:47Z,2450958636,admin,en_US,1,,30,INDIVIDUAL_PAYEE,2024-10-22,,250CCDCBFDEB9091E063E12A13ACFBF0,
2472071733,0,tetUser301@iamMultipodInt.com,tetUser301,,,,1,0,,2024-10-22T07:34:47Z,2450958636,admin,2024-10-22T07:34:47Z,2450958636,admin,en_US,1,,30,INDIVIDUAL_PAYEE,2024-10-22,,250CCDCBFDEC9091E063E12A13ACFBF0,
2472071735,0,tetUser302@iamMultipodInt.com,tetUser302,,,,1,0,,2024-10-22T07:34:47Z,2450958636,admin,2024-10-22T07:34:47Z,2450958636,admin,en_US,1,,30,INDIVIDUAL_PAYEE,2024-10-22,,250CCDCBFDED9091E063E12A13ACFBF0,
2472071737,0,tetUser303@iamMultipodInt.com,tetUser303,,,,1,0,,2024-10-22T07:34:47Z,2450958636,admin,2024-10-22T07:34:47Z,2450958636,admin,en_US,1,,30,INDIVIDUAL_PAYEE,2024-10-22,,250CCDCBFDEE9091E063E12A13ACFBF0,
2472071739,0,tetUser304@iamMultipodInt.com,tetUser304,,,,1,0,,2024-10-22T07:34:47Z,2450958636,admin,2024-10-22T07:34:47Z,2450958636,admin,en_US,1,,30,INDIVIDUAL_PAYEE,2024-10-22,,250CCDCBFDEF9091E063E12A13ACFBF0,
2472071741,0,tetUser305@iamMultipodInt.com,tetUser305,,,,1,0,,2024-10-22T07:34:47Z,2450958636,admin,2024-10-22T07:34:47Z,2450958636,admin,en_US,1,,30,INDIVIDUAL_PAYEE,2024-10-22,,250CCDCBFDF09091E063E12A13ACFBF0,
2472071743,0,tetUser306@iamMultipodInt.com,tetUser306,,,,1,0,,2024-10-22T07:34:47Z,2450958636,admin,2024-10-22T07:34:47Z,2450958636,admin,en_US,1,,30,INDIVIDUAL_PAYEE,2024-10-22,,250CCDCBFDF19091E063E12A13ACFBF0,
2472071745,0,tetUser307@iamMultipodInt.com,tetUser307,,,,1,0,,2024-10-22T07:34:47Z,2450958636,admin,2024-10-22T07:34:47Z,2450958636,admin,en_US,1,,30,INDIVIDUAL_PAYEE,2024-10-22,,250CCDCBFDF29091E063E12A13ACFBF0,
2472071747,0,tetUser308@iamMultipodInt.com,tetUser308,,,,1,0,,2024-10-22T07:34:47Z,2450958636,admin,2024-10-22T07:34:47Z,2450958636,admin,en_US,1,,30,INDIVIDUAL_PAYEE,2024-10-22,,250CCDCBFDF39091E063E12A13ACFBF0,
2472071749,0,tetUser309@iamMultipodInt.com,tetUser309,,,,1,0,,2024-10-22T07:34:47Z,2450958636,admin,2024-10-22T07:34:47Z,2450958636,admin,en_US,1,,30,INDIVIDUAL_PAYEE,2024-10-22,,250CCDCBFDF49091E063E12A13ACFBF0,
2472071819,0,tetUser344@iamMultipodInt.com,tetUser344,,,,1,0,,2024-10-22T07:34:47Z,2450958636,admin,2024-10-22T07:34:47Z,2450958636,admin,en_US,1,,30,INDIVIDUAL_PAYEE,2024-10-22,,250CCDCBFE179091E063E12A13ACFBF0,
2472071753,0,tetUser311@iamMultipodInt.com,tetUser311,,,,1,0,,2024-10-22T07:34:47Z,2450958636,admin,2024-10-22T07:34:47Z,2450958636,admin,en_US,1,,30,INDIVIDUAL_PAYEE,2024-10-22,,250CCDCBFDF69091E063E12A13ACFBF0,
2472071755,0,tetUser312@iamMultipodInt.com,tetUser312,,,,1,0,,2024-10-22T07:34:47Z,2450958636,admin,2024-10-22T07:34:47Z,2450958636,admin,en_US,1,,30,INDIVIDUAL_PAYEE,2024-10-22,,250CCDCBFDF79091E063E12A13ACFBF0,
2472071757,0,tetUser313@iamMultipodInt.com,tetUser313,,,,1,0,,2024-10-22T07:34:47Z,2450958636,admin,2024-10-22T07:34:47Z,2450958636,admin,en_US,1,,30,INDIVIDUAL_PAYEE,2024-10-22,,250CCDCBFDF89091E063E12A13ACFBF0,
2472071759,0,tetUser314@iamMultipodInt.com,tetUser314,,,,1,0,,2024-10-22T07:34:47Z,2450958636,admin,2024-10-22T07:34:47Z,2450958636,admin,en_US,1,,30,INDIVIDUAL_PAYEE,2024-10-22,,250CCDCBFDF99091E063E12A13ACFBF0,
2472071761,0,tetUser315@iamMultipodInt.com,tetUser315,,,,1,0,,2024-10-22T07:34:47Z,2450958636,admin,2024-10-22T07:34:47Z,2450958636,admin,en_US,1,,30,INDIVIDUAL_PAYEE,2024-10-22,,250CCDCBFDFA9091E063E12A13ACFBF0,
2472071763,0,tetUser316@iamMultipodInt.com,tetUser316,,,,1,0,,2024-10-22T07:34:47Z,2450958636,admin,2024-10-22T07:34:47Z,2450958636,admin,en_US,1,,30,INDIVIDUAL_PAYEE,2024-10-22,,250CCDCBFDFB9091E063E12A13ACFBF0,
2472071765,0,tetUser317@iamMultipodInt.com,tetUser317,,,,1,0,,2024-10-22T07:34:47Z,2450958636,admin,2024-10-22T07:34:47Z,2450958636,admin,en_US,1,,30,INDIVIDUAL_PAYEE,2024-10-22,,250CCDCBFDFC9091E063E12A13ACFBF0,
2472071767,0,tetUser318@iamMultipodInt.com,tetUser318,,,,1,0,,2024-10-22T07:34:47Z,2450958636,admin,2024-10-22T07:34:47Z,2450958636,admin,en_US,1,,30,INDIVIDUAL_PAYEE,2024-10-22,,250CCDCBFDFD9091E063E12A13ACFBF0,
2472071769,0,tetUser319@iamMultipodInt.com,tetUser319,,,,1,0,,2024-10-22T07:34:47Z,2450958636,admin,2024-10-22T07:34:47Z,2450958636,admin,en_US,1,,30,INDIVIDUAL_PAYEE,2024-10-22,,250CCDCBFDFE9091E063E12A13ACFBF0,
2472071771,0,tetUser320@iamMultipodInt.com,tetUser320,,,,1,0,,2024-10-22T07:34:47Z,2450958636,admin,2024-10-22T07:34:47Z,2450958636,admin,en_US,1,,30,INDIVIDUAL_PAYEE,2024-10-22,,250CCDCBFDFF9091E063E12A13ACFBF0,
2472071773,0,tetUser321@iamMultipodInt.com,tetUser321,,,,1,0,,2024-10-22T07:34:47Z,2450958636,admin,2024-10-22T07:34:47Z,2450958636,admin,en_US,1,,30,INDIVIDUAL_PAYEE,2024-10-22,,250CCDCBFE009091E063E12A13ACFBF0,
2472071775,0,tetUser322@iamMultipodInt.com,tetUser322,,,,1,0,,2024-10-22T07:34:47Z,2450958636,admin,2024-10-22T07:34:47Z,2450958636,admin,en_US,1,,30,INDIVIDUAL_PAYEE,2024-10-22,,250CCDCBFE019091E063E12A13ACFBF0,
2472071777,0,tetUser323@iamMultipodInt.com,tetUser323,,,,1,0,,2024-10-22T07:34:47Z,2450958636,admin,2024-10-22T07:34:47Z,2450958636,admin,en_US,1,,30,INDIVIDUAL_PAYEE,2024-10-22,,250CCDCBFE029091E063E12A13ACFBF0,
2472071779,0,tetUser324@iamMultipodInt.com,tetUser324,,,,1,0,,2024-10-22T07:34:47Z,2450958636,admin,2024-10-22T07:34:47Z,2450958636,admin,en_US,1,,30,INDIVIDUAL_PAYEE,2024-10-22,,250CCDCBFE039091E063E12A13ACFBF0,
2472071781,0,tetUser325@iamMultipodInt.com,tetUser325,,,,1,0,,2024-10-22T07:34:47Z,2450958636,admin,2024-10-22T07:34:47Z,2450958636,admin,en_US,1,,30,INDIVIDUAL_PAYEE,2024-10-22,,250CCDCBFE049091E063E12A13ACFBF0,
2472071783,0,tetUser326@iamMultipodInt.com,tetUser326,,,,1,0,,2024-10-22T07:34:47Z,2450958636,admin,2024-10-22T07:34:47Z,2450958636,admin,en_US,1,,30,INDIVIDUAL_PAYEE,2024-10-22,,250CCDCBFE059091E063E12A13ACFBF0,
2472071785,0,tetUser327@iamMultipodInt.com,tetUser327,,,,1,0,,2024-10-22T07:34:47Z,2450958636,admin,2024-10-22T07:34:47Z,2450958636,admin,en_US,1,,30,INDIVIDUAL_PAYEE,2024-10-22,,250CCDCBFE069091E063E12A13ACFBF0,
2472071787,0,tetUser328@iamMultipodInt.com,tetUser328,,,,1,0,,2024-10-22T07:34:47Z,2450958636,admin,2024-10-22T07:34:47Z,2450958636,admin,en_US,1,,30,INDIVIDUAL_PAYEE,2024-10-22,,250CCDCBFE079091E063E12A13ACFBF0,
2472071789,0,tetUser329@iamMultipodInt.com,tetUser329,,,,1,0,,2024-10-22T07:34:47Z,2450958636,admin,2024-10-22T07:34:47Z,2450958636,admin,en_US,1,,30,INDIVIDUAL_PAYEE,2024-10-22,,250CCDCBFE089091E063E12A13ACFBF0,
2472071791,0,tetUser330@iamMultipodInt.com,tetUser330,,,,1,0,,2024-10-22T07:34:47Z,2450958636,admin,2024-10-22T07:34:47Z,2450958636,admin,en_US,1,,30,INDIVIDUAL_PAYEE,2024-10-22,,250CCDCBFE099091E063E12A13ACFBF0,
2472071793,0,tetUser331@iamMultipodInt.com,tetUser331,,,,1,0,,2024-10-22T07:34:47Z,2450958636,admin,2024-10-22T07:34:47Z,2450958636,admin,en_US,1,,30,INDIVIDUAL_PAYEE,2024-10-22,,250CCDCBFE0A9091E063E12A13ACFBF0,
2472071795,0,tetUser332@iamMultipodInt.com,tetUser332,,,,1,0,,2024-10-22T07:34:47Z,2450958636,admin,2024-10-22T07:34:47Z,2450958636,admin,en_US,1,,30,INDIVIDUAL_PAYEE,2024-10-22,,250CCDCBFE0B9091E063E12A13ACFBF0,
2472071797,0,tetUser333@iamMultipodInt.com,tetUser333,,,,1,0,,2024-10-22T07:34:47Z,2450958636,admin,2024-10-22T07:34:47Z,2450958636,admin,en_US,1,,30,INDIVIDUAL_PAYEE,2024-10-22,,250CCDCBFE0C9091E063E12A13ACFBF0,
2472071799,0,tetUser334@iamMultipodInt.com,tetUser334,,,,1,0,,2024-10-22T07:34:47Z,2450958636,admin,2024-10-22T07:34:47Z,2450958636,admin,en_US,1,,30,INDIVIDUAL_PAYEE,2024-10-22,,250CCDCBFE0D9091E063E12A13ACFBF0,
2472071801,0,tetUser335@iamMultipodInt.com,tetUser335,,,,1,0,,2024-10-22T07:34:47Z,2450958636,admin,2024-10-22T07:34:47Z,2450958636,admin,en_US,1,,30,INDIVIDUAL_PAYEE,2024-10-22,,250CCDCBFE0E9091E063E12A13ACFBF0,
2472071803,0,tetUser336@iamMultipodInt.com,tetUser336,,,,1,0,,2024-10-22T07:34:47Z,2450958636,admin,2024-10-22T07:34:47Z,2450958636,admin,en_US,1,,30,INDIVIDUAL_PAYEE,2024-10-22,,250CCDCBFE0F9091E063E12A13ACFBF0,
2472071805,0,tetUser337@iamMultipodInt.com,tetUser337,,,,1,0,,2024-10-22T07:34:47Z,2450958636,admin,2024-10-22T07:34:47Z,2450958636,admin,en_US,1,,30,INDIVIDUAL_PAYEE,2024-10-22,,250CCDCBFE109091E063E12A13ACFBF0,
2472071807,0,tetUser338@iamMultipodInt.com,tetUser338,,,,1,0,,2024-10-22T07:34:47Z,2450958636,admin,2024-10-22T07:34:47Z,2450958636,admin,en_US,1,,30,INDIVIDUAL_PAYEE,2024-10-22,,250CCDCBFE119091E063E12A13ACFBF0,
2472071809,0,tetUser339@iamMultipodInt.com,tetUser339,,,,1,0,,2024-10-22T07:34:47Z,2450958636,admin,2024-10-22T07:34:47Z,2450958636,admin,en_US,1,,30,INDIVIDUAL_PAYEE,2024-10-22,,250CCDCBFE129091E063E12A13ACFBF0,
2472071811,0,tetUser340@iamMultipodInt.com,tetUser340,,,,1,0,,2024-10-22T07:34:47Z,2450958636,admin,2024-10-22T07:34:47Z,2450958636,admin,en_US,1,,30,INDIVIDUAL_PAYEE,2024-10-22,,250CCDCBFE139091E063E12A13ACFBF0,
2472071813,0,tetUser341@iamMultipodInt.com,tetUser341,,,,1,0,,2024-10-22T07:34:47Z,2450958636,admin,2024-10-22T07:34:47Z,2450958636,admin,en_US,1,,30,INDIVIDUAL_PAYEE,2024-10-22,,250CCDCBFE149091E063E12A13ACFBF0,
2472071815,0,tetUser342@iamMultipodInt.com,tetUser342,,,,1,0,,2024-10-22T07:34:47Z,2450958636,admin,2024-10-22T07:34:47Z,2450958636,admin,en_US,1,,30,INDIVIDUAL_PAYEE,2024-10-22,,250CCDCBFE159091E063E12A13ACFBF0,
2472071817,0,tetUser343@iamMultipodInt.com,tetUser343,,,,1,0,,2024-10-22T07:34:47Z,2450958636,admin,2024-10-22T07:34:47Z,2450958636,admin,en_US,1,,30,INDIVIDUAL_PAYEE,2024-10-22,,250CCDCBFE169091E063E12A13ACFBF0,
2472071821,0,tetUser345@iamMultipodInt.com,tetUser345,,,,1,0,,2024-10-22T07:34:47Z,2450958636,admin,2024-10-22T07:34:47Z,2450958636,admin,en_US,1,,30,INDIVIDUAL_PAYEE,2024-10-22,,250CCDCBFE189091E063E12A13ACFBF0,
2472071825,0,tetUser347@iamMultipodInt.com,tetUser347,,,,1,0,,2024-10-22T07:34:47Z,2450958636,admin,2024-10-22T07:34:47Z,2450958636,admin,en_US,1,,30,INDIVIDUAL_PAYEE,2024-10-22,,250CCDCBFE1A9091E063E12A13ACFBF0,
2472071827,0,tetUser348@iamMultipodInt.com,tetUser348,,,,1,0,,2024-10-22T07:34:47Z,2450958636,admin,2024-10-22T07:34:47Z,2450958636,admin,en_US,1,,30,INDIVIDUAL_PAYEE,2024-10-22,,250CCDCBFE1B9091E063E12A13ACFBF0,
2472071829,0,tetUser349@iamMultipodInt.com,tetUser349,,,,1,0,,2024-10-22T07:34:47Z,2450958636,admin,2024-10-22T07:34:47Z,2450958636,admin,en_US,1,,30,INDIVIDUAL_PAYEE,2024-10-22,,250CCDCBFE1C9091E063E12A13ACFBF0,
2472071831,0,tetUser350@iamMultipodInt.com,tetUser350,,,,1,0,,2024-10-22T07:34:47Z,2450958636,admin,2024-10-22T07:34:47Z,2450958636,admin,en_US,1,,30,INDIVIDUAL_PAYEE,2024-10-22,,250CCDCBFE1D9091E063E12A13ACFBF0,
2450958636,6,admin@iamMultipodInt.com,admin,,,,1,1,,2024-05-15T09:37:12Z,1,Administrator,2025-09-16T09:48:52Z,1,Administrator,en_US,1,yes,,BUSINESS_ADMINISTRATOR,2024-05-15,2,187BDCF550ADEDA6E063E12A13ACCA38,
2450958641,15,xactly_iammultipodint@xactlyincent.com,xactly_iammultipodint,,,,1,1,,2024-05-15T09:37:13Z,1,Administrator,2025-09-05T12:11:43Z,1,Administrator,en_US,1,,,XACTLY,2025-08-21,2,187BDCF550AEEDA6E063E12A13ACCA38,
2450958647,14,delta_iammultipodint@xactlyincent.com,delta_iammultipodint,,,,1,1,,2024-05-15T09:37:13Z,1,Administrator,2025-09-05T12:11:44Z,1,Administrator,en_US,1,,,XACTLY,2024-07-02,2,187BDCF550AFEDA6E063E12A13ACCA38,
2450958653,14,ps_iammultipodint@xactlyincent.com,ps_iammultipodint,,,,1,1,,2024-05-15T09:37:13Z,1,Administrator,2025-09-05T12:11:43Z,1,Administrator,en_US,1,,,XACTLY,2024-05-28,2,187BDCF550B0EDA6E063E12A13ACCA38,
2465504568,0,testUser11@iamMultipodInt.com,testUser1,,,,1,1,,2024-07-03T06:49:54Z,2450958647,delta_iammultipodint,2025-09-29T12:34:51Z,2450958636,admin,en_US,0,,30,INDIVIDUAL_PAYEE,2024-07-03,2,1C533CE7BFDB6B62E063E12A13ACF304,
2465504570,1,testUser12@iamMultipodInt.com,testUser2,,,,1,1,,2024-07-03T06:49:54Z,2450958647,delta_iammultipodint,2025-09-29T12:34:36Z,2450958636,admin,en_US,0,,30,INDIVIDUAL_PAYEE,2024-07-03,,1C533CE7BFDC6B62E063E12A13ACF304,
2465504572,2,testUser13@iamMultipodInt.com,testUser3,,,,1,1,,2024-07-03T06:49:54Z,2450958647,delta_iammultipodint,2025-09-29T12:35:07Z,2450958636,admin,en_US,0,,30,INDIVIDUAL_PAYEE,2024-12-05,2,1C533CE7BFDD6B62E063E12A13ACF304,
2465504576,0,testUser15@iamMultipodInt.com,testUser5,,,,1,0,,2024-07-03T06:49:54Z,2450958647,delta_iammultipodint,2025-05-02T07:42:47Z,2450958636,admin,en_US,1,,30,EXECUTIVE,2024-07-03,,1C533CE7BFDF6B62E063E12A13ACF304,
2465504578,0,testUser16@iamMultipodInt.com,testUser6,,,,1,0,,2024-07-03T06:49:54Z,2450958647,delta_iammultipodint,2024-07-03T06:49:54Z,2450958647,delta_iammultipodint,en_US,0,,30,INDIVIDUAL_PAYEE,,,1C533CE7BFE06B62E063E12A13ACF304,
2465504580,0,testUser17@iamMultipodInt.com,testUser7,,,,1,0,,2024-07-03T06:49:54Z,2450958647,delta_iammultipodint,2024-07-03T06:49:54Z,2450958647,delta_iammultipodint,en_US,1,,30,INDIVIDUAL_PAYEE,2024-07-03,,1C533CE7BFE16B62E063E12A13ACF304,
2465504582,0,testUser18@iamMultipodInt.com,testUser8,,,,1,0,,2024-07-03T06:49:54Z,2450958647,delta_iammultipodint,2024-07-03T06:49:54Z,2450958647,delta_iammultipodint,en_US,1,,30,INDIVIDUAL_PAYEE,2024-07-03,,1C533CE7BFE26B62E063E12A13ACF304,
2465504584,0,testUser19@iamMultipodInt.com,testUser9,,,,1,0,,2024-07-03T06:49:54Z,2450958647,delta_iammultipodint,2024-07-03T06:49:54Z,2450958647,delta_iammultipodint,en_US,1,,30,INDIVIDUAL_PAYEE,2024-07-03,,1C533CE7BFE36B62E063E12A13ACF304,
2486706228,0,testUseraudit@iamMultipodInt.com,testUseraudit,,,,1,0,,2025-03-13T05:55:47Z,2450958636,admin,2025-03-13T05:55:47Z,2450958636,admin,en_US,1,,,MANAGER,2025-03-13,,3033F97C4F862370E063E52E13AC67B2,
2555799451,1,auditUser@ggmail.com,auditUser,,,,1,1,,2025-04-07T06:24:37Z,2450958636,admin,2025-11-26T14:34:54Z,2450958636,admin,en_US,1,,,INDIVIDUAL_PAYEE,2025-04-07,,322B4AADEA89D525E063E52E13ACC016,
2555801293,0,postmig2@ggmailat.com,migpost,,,,1,0,,2025-04-07T07:34:53Z,2450958636,admin,2025-04-07T07:34:53Z,2450958636,admin,en_US,0,,,INDIVIDUAL_PAYEE,,,322C594FF026EFBDE063E52E13ACF597,
2482203059,0,createUser@iamMultiPodIAM.com,createUser,,,,1,0,,2025-01-30T11:41:44Z,2450958636,admin,2025-01-30T11:41:44Z,2450958636,admin,en_US,1,,,MANAGER,2025-01-30,,2CEBE9527DC4E94FE063E52E13AC35DE,
2561468823,0,jituser123e4@audit123.com,migpost,,,,1,0,,2025-05-07T07:29:30Z,2450958636,admin,2025-05-07T07:29:30Z,2450958636,admin,en_US,0,,,INDIVIDUAL_PAYEE,,,3487B7D2985823CBE063E52E13AC3485,
2483779873,0,bizsyncTestBiz@gmail.com,IAM Login Issues Fix User01,,,,1,0,,2025-02-06T03:04:34Z,2450958636,admin,2025-09-29T12:34:19Z,2450958636,admin,en_US,0,,,MANAGER,2025-02-06,,2D7180D0E46EF334E063E52E13AC2524,
2487638067,0,auditTest@iammultipodint.com,auditTest,,,,1,0,,2025-03-20T10:17:37Z,2450958636,admin,2025-10-30T11:36:48Z,2450958636,admin,en_US,1,,,BUSINESS_ADMINISTRATOR,2025-03-20,2,30C472C3AF89495BE063E52E13ACE7A6,
650916535243994,0,roltest@gmail.com,role test,,,,1,0,,2025-10-29T10:51:04Z,2450958636,admin,2025-10-29T10:59:20Z,2450958636,admin,en_US,1,,,BUSINESS_ADMINISTRATOR,2025-10-29,,424AE918AF2CE276E063E52E13ACC756,
2647918622,0,teessttt1234@upload.com,testUser,,,,1,0,,2025-07-24T04:46:43Z,2450958636,admin,2025-07-24T04:46:43Z,2450958636,admin,en_US,0,,30,INDIVIDUAL_PAYEE,,,3AA6831611C770C7E063E52E13AC14C6,
650916414966531,0,testttest3@uploadconnect.com,testttest3,,,,1,0,,2025-09-22T16:52:21Z,2450958636,admin,2025-09-22T16:52:21Z,2450958636,admin,en_US,0,,30,INDIVIDUAL_PAYEE,,,3F677B368B74A0C2E063E52E13ACAF11,
650916414966676,0,testttest4@uploadconnect.com,testttest3,,,,1,0,,2025-09-22T17:01:13Z,2450958636,admin,2025-09-22T17:01:13Z,2450958636,admin,en_US,0,,30,INDIVIDUAL_PAYEE,,,3F67C451933FB059E063E52E13ACC223,
650916414966391,0,testttest2@uploadconnect.com,testttest,,,,1,0,,2025-09-22T16:45:49Z,2450958636,admin,2025-09-22T16:45:49Z,2450958636,admin,en_US,0,,30,INDIVIDUAL_PAYEE,,,3F67703C65A64D14E063E52E13ACCE11,
2690560840,0,dounbtincount2@user.com,dounbtincount2,,,,1,0,,2025-08-21T10:55:57Z,2450958636,admin,2025-08-21T10:55:57Z,2450958636,admin,en_US,1,,,MANAGER,2025-08-21,,3CDEED69140C8A2BE063E52E13ACE2F2,
2690560810,0,dounbtincount1@user.com,dounbtincount,,,,1,0,,2025-08-21T10:55:24Z,2450958636,admin,2025-08-21T10:55:24Z,2450958636,admin,en_US,1,,,MANAGER,2025-08-21,2,3CDEED69140A8A2BE063E52E13ACE2F2,
2713229050,0,user007_Chaturve@invalidtest.com,user007 Chaturvedi,,,,1,0,,2025-09-05T12:20:06Z,2450958636,admin,2025-09-05T12:20:06Z,2450958636,admin,,0,,30,MANAGER,,,3E0DDBA9504FBE0CE063E52E13AC7DAF,
2713229052,0,user008_Chaturve@invalidtest.com,user008 Chaturvedi,,,,1,0,,2025-09-05T12:20:06Z,2450958636,admin,2025-09-05T12:20:06Z,2450958636,admin,,0,,30,MANAGER,,,3E0DDBA95050BE0CE063E52E13AC7DAF,
2713229054,0,user009_Chaturve@invalidtest.com,user009 Chaturvedi,,,,1,0,,2025-09-05T12:20:06Z,2450958636,admin,2025-09-05T12:20:06Z,2450958636,admin,,0,,30,MANAGER,,,3E0DDBA95051BE0CE063E52E13AC7DAF,
2713229056,0,user010_Chaturve@invalidtest.com,user010 Chaturvedi,,,,1,0,,2025-09-05T12:20:06Z,2450958636,admin,2025-09-05T12:20:06Z,2450958636,admin,,0,,30,MANAGER,,,3E0DDBA95052BE0CE063E52E13AC7DAF,
2713229058,0,user011_Chaturve@invalidtest.com,user011Chaturvedi,,,,1,0,,2025-09-05T12:20:06Z,2450958636,admin,2025-09-05T12:20:06Z,2450958636,admin,,0,,30,MANAGER,,,3E0DDBA95053BE0CE063E52E13AC7DAF,
2713229060,0,user012_Chaturve@invalidtest.com,user012 Chaturvedi,,,,1,0,,2025-09-05T12:20:06Z,2450958636,admin,2025-09-05T12:20:06Z,2450958636,admin,,0,,30,MANAGER,,,3E0DDBA95054BE0CE063E52E13AC7DAF,
2713223715,0,user001_Chaturve@invalidtest.com,user001 Chaturvedi,,,,1,0,,2025-09-05T08:40:53Z,2450958636,admin,2025-09-05T12:20:06Z,2450958636,admin,,0,,30,MANAGER,,,3E0ACBB9063FD55EE063E52E13ACF1CE,
2713223717,0,user002_Chaturve@invalidtest.com,user002 Chaturvedi,,,,1,0,,2025-09-05T08:40:53Z,2450958636,admin,2025-09-05T12:20:06Z,2450958636,admin,,0,,30,MANAGER,,,3E0ACBB90640D55EE063E52E13ACF1CE,
2713223719,0,user003_Chaturve@invalidtest.com,user003 Chaturvedi,,,,1,0,,2025-09-05T08:40:53Z,2450958636,admin,2025-09-05T12:20:06Z,2450958636,admin,,0,,30,MANAGER,,,3E0ACBB90641D55EE063E52E13ACF1CE,
2713223721,0,user004_Chaturve@invalidtest.com,user004 Chaturvedi,,,,1,0,,2025-09-05T08:40:53Z,2450958636,admin,2025-09-05T12:20:06Z,2450958636,admin,,0,,30,MANAGER,,,3E0ACBB90642D55EE063E52E13ACF1CE,
2713223723,0,user005_Chaturve@invalidtest.com,user005Chaturvedi,,,,1,0,,2025-09-05T08:40:53Z,2450958636,admin,2025-09-05T12:20:06Z,2450958636,admin,,0,,30,MANAGER,,,3E0ACBB90643D55EE063E52E13ACF1CE,
2713223725,0,user006_Chaturve@invalidtest.com,user006 Chaturvedi,,,,1,0,,2025-09-05T08:40:53Z,2450958636,admin,2025-09-05T12:20:06Z,2450958636,admin,,0,,30,MANAGER,,,3E0ACBB90644D55EE063E52E13ACF1CE,
2751430860,0,validprotonmailx@proton.me,validemail,,,,1,0,,2025-09-12T07:37:03Z,2450958636,admin,2025-09-12T07:37:03Z,2450958636,admin,en_US,1,,,MANAGER,2025-09-12,,3E96B8994BAF6F9FE063E52E13ACA02F,
2692023090,0,user1@audituploadtest.com,auditupload,,,,1,0,,2025-08-25T05:57:17Z,2450958636,admin,2025-08-25T06:29:01Z,2450958636,admin,,0,,30,INDIVIDUAL_PAYEE,,,3D2B3A57C05BF6A7E063E52E13ACAB45,
2713223658,0,ashish.chaturve@test01.com,user1,,,,1,0,,2025-09-05T08:18:30Z,2450958636,admin,2025-09-05T08:18:30Z,2450958636,admin,,0,,30,MANAGER,,,3E0A7BAE8CEE9A0AE063E52E13ACB587,
2713223660,0,ashish.chaturve@test02.com,user2,,,,1,0,,2025-09-05T08:18:30Z,2450958636,admin,2025-09-05T08:18:30Z,2450958636,admin,,0,,30,MANAGER,,,3E0A7BAE8CEF9A0AE063E52E13ACB587,
2713223662,0,ashish.chaturve@test03.com,user3,,,,1,0,,2025-09-05T08:18:30Z,2450958636,admin,2025-09-05T08:18:30Z,2450958636,admin,,0,,30,MANAGER,,,3E0A7BAE8CF09A0AE063E52E13ACB587,
2713223664,0,ashish.chaturve@test04.com,user4,,,,1,0,,2025-09-05T08:18:30Z,2450958636,admin,2025-09-05T08:18:30Z,2450958636,admin,,0,,30,MANAGER,,,3E0A7BAE8CF19A0AE063E52E13ACB587,
2713223666,0,ashish.chaturve@test05.com,user5,,,,1,0,,2025-09-05T08:18:30Z,2450958636,admin,2025-09-05T08:18:30Z,2450958636,admin,,0,,30,MANAGER,,,3E0A7BAE8CF29A0AE063E52E13ACB587,
2713223668,0,ashish.chaturve@test06.com,user6,,,,1,0,,2025-09-05T08:18:30Z,2450958636,admin,2025-09-05T08:18:30Z,2450958636,admin,,0,,30,MANAGER,,,3E0A7BAE8CF39A0AE063E52E13ACB587,
2747034455,0,dummyUser123@gamil.com,dummyUser123,,,,1,0,,2025-09-10T10:16:57Z,2450958636,admin,2025-09-10T10:16:57Z,2450958636,admin,en_US,1,,,INDIVIDUAL_PAYEE,2025-09-10,,3E70B8B9AA06FBA0E063E52E13AC1F80,
2660168232,0,adarshpm123@gmail.com,valid email,,,,1,0,,2025-08-07T07:59:28Z,2450958636,admin,2025-08-07T08:01:54Z,2450958636,admin,,1,,30,INDIVIDUAL_PAYEE,2025-08-07,,3BC2D6815B1B9A08E063E52E13AC4138,
650916416790978,0,loginprofileglobalaudit@gmail.com,loginprofileglobalaudit,,,,1,0,,2025-09-25T05:02:40Z,2450958636,admin,2025-09-25T05:02:40Z,2450958636,admin,en_US,1,,,MANAGER,2025-09-25,,3F9A1480D492CA7DE063E52E13ACB5C3,
650916745257617,2,go'lang@gmail.com,go'lang,,,,1,1,,2025-12-02T05:45:11Z,2450958636,admin,2025-12-02T05:46:29Z,1,Administrator,en_US,1,,,BUSINESS_ADMINISTRATOR,2025-12-02,,44F299A89A8CAB71E063E52E13ACC137,
650916746583092,0,testadsaUser44@gmmail.com,testadsaUser33,,,,1,,,2025-12-02T04:20:19Z,2450958636,admin,2025-12-02T04:20:19Z,2450958636,admin,en_US,1,,,BUSINESS_ADMINISTRATOR,2025-12-02,,44F81E7825ED6285E063E52E13AC259D,
650916746583071,0,testadsaUser33@gmmail.com,testadsaUser33,,,,1,,,2025-12-02T04:19:05Z,2450958636,admin,2025-12-02T04:19:05Z,2450958636,admin,en_US,1,,,BUSINESS_ADMINISTRATOR,2025-12-02,,44F81A18C84760DDE063E52E13ACEC7B,
